0,0,1,2,3,4,5,6,7,8,9,10,11,12,13,14,15,16,17,18,19,20,21,22,23,24,25,26,27,28,29,30,31,32,33,34,35,36,37,38,39,40,41,42,43,44,45,46,47,48,49,50,51,52,53,54,55,56,57,58,59,60,61,62,63,64,65,66,67,68,69,70,71,72,73,74,75,76,77,78,79,80,81,82,83,84,85,86,87,88,89,90,91,92,93,94,95,96,97,98,99,100,101,102,103,104,105,106,107,108,109,110,111,112,113,114,115,116,117,118,119,120,121,122,123,124,125,126,127,128,129
4305,0.6666666666666666,1.0,0.6666666666666666,1.0,0.5,0.6666666666666666,0.5,0.5,0.6666666666666666,0.5,0.5,0.6666666666666666,0.5,0.6666666666666666,0.5,0.6,0.0,0.4,0.6,0.5,0.0,0.6,0.4,0.6,0.2,0.4,0.2,0.4,0.5,0.25,0.6,0.4,1.0,1.0,0.0,0.0,0.0,0.0,1.0,1.0,1.0,0.0,1.0,0.0,1.0,0.0,1.0,0.0,0.0,0.0,0.0,0.0,1.0,1.0,0.0,0.0,1.0,1.0,0.0,0.0,0.0,0.0,1.0,1.0,1.0,1.0,0.0,1.0,1.0,0.0,0.0,0.0,1.0,0.0,1.0,0.0,1.0,0.0,1.0,1.0,1.0,1.0,0.0,1.0,0.0,1.0,0.0,1.0,0.0,0.0,1.0,0.0,0.0,0.0,0.0,0.5,0.5,0.0,0.0,0.0,0.0,0.0,0.0,0.0,0.5,0.0,0.0,0.5,0.0,0.0,0.3333333333333333,0.0,0.5,0.3333333333333333,0.6666666666666666,0.0,0.3333333333333333,0.5,0.0,0.6666666666666666,0.0,0.0,0.3333333333333333,1.0,0.5,0.5,0.6666666666666666,0.3333333333333333,0.6666666666666666,0.6666666666666666
6484,0.6666666666666666,1.0,0.6666666666666666,0.5,0.5,0.6666666666666666,0.0,0.5,0.6666666666666666,0.5,0.5,0.3333333333333333,0.5,1.0,0.75,0.8,0.75,0.6,1.0,0.75,0.4,0.0,1.0,0.8,0.8,0.8,0.8,0.8,0.75,0.5,1.0,0.6,1.0,1.0,1.0,0.0,1.0,0.0,1.0,0.0,0.0,1.0,1.0,0.0,0.0,1.0,0.0,0.0,1.0,0.0,0.0,0.0,0.0,1.0,1.0,1.0,0.0,0.0,1.0,0.0,0.0,0.0,0.0,0.0,0.0,0.0,1.0,1.0,0.0,1.0,0.0,1.0,1.0,1.0,0.0,1.0,1.0,0.0,0.0,1.0,1.0,0.0,1.0,1.0,0.0,0.0,1.0,1.0,1.0,0.0,0.0,0.0,0.0,0.5,0.5,0.0,0.5,0.5,0.0,0.3333333333333333,0.6666666666666666,0.0,0.3333333333333333,1.0,0.5,1.0,1.0,0.5,0.5,0.5,0.3333333333333333,0.0,0.5,0.0,0.3333333333333333,1.0,1.0,0.5,0.0,0.3333333333333333,0.0,0.0,0.0,0.3333333333333333,0.5,0.5,0.3333333333333333,0.3333333333333333,0.0,0.6666666666666666
8577,1.0,1.0,1.0,0.5,0.5,0.6666666666666666,0.5,0.5,1.0,0.5,0.5,0.6666666666666666,0.5,0.6666666666666666,0.75,0.8,0.5,0.4,0.6,0.5,0.6,0.2,0.2,0.6,0.0,0.2,0.4,0.0,0.5,0.25,0.2,0.4,0.0,0.0,0.0,1.0,0.0,0.0,1.0,1.0,1.0,0.0,1.0,0.0,0.0,0.0,0.0,0.0,1.0,0.0,1.0,1.0,1.0,1.0,0.0,1.0,1.0,1.0,0.0,0.0,0.0,0.0,0.0,1.0,1.0,1.0,1.0,1.0,0.0,1.0,0.0,0.0,0.0,1.0,0.0,1.0,1.0,0.0,0.0,0.0,1.0,0.0,1.0,1.0,1.0,1.0,1.0,0.0,1.0,1.0,0.0,0.0,0.0,0.5,0.5,0.5,0.5,0.5,0.0,0.3333333333333333,0.3333333333333333,1.0,0.0,1.0,0.5,0.3333333333333333,0.5,0.5,0.0,0.5,0.3333333333333333,0.3333333333333333,0.5,0.3333333333333333,1.0,0.5,1.0,1.0,0.3333333333333333,1.0,0.5,0.6666666666666666,0.0,0.3333333333333333,0.0,0.0,0.6666666666666666,0.6666666666666666,0.3333333333333333,0.3333333333333333
8982,1.0,1.0,1.0,1.0,0.5,0.6666666666666666,1.0,0.5,0.6666666666666666,0.5,0.5,0.6666666666666666,0.5,1.0,0.75,0.4,0.75,0.8,0.2,0.25,0.2,0.4,0.8,0.8,0.4,1.0,1.0,0.8,1.0,0.75,0.8,1.0,1.0,1.0,1.0,0.0,1.0,1.0,0.0,1.0,1.0,1.0,0.0,0.0,1.0,0.0,1.0,0.0,1.0,0.0,1.0,0.0,0.0,1.0,0.0,1.0,1.0,0.0,1.0,1.0,0.0,0.0,0.0,1.0,1.0,0.0,0.0,1.0,0.0,0.0,0.0,0.0,1.0,1.0,0.0,1.0,1.0,0.0,1.0,1.0,0.0,1.0,0.0,1.0,1.0,1.0,1.0,1.0,1.0,1.0,0.0,0.0,1.0,0.0,0.0,0.0,0.0,0.0,0.0,0.0,0.0,0.0,0.0,0.0,0.0,0.3333333333333333,0.0,0.0,0.0,0.5,0.0,0.0,1.0,0.6666666666666666,0.6666666666666666,1.0,1.0,0.0,0.6666666666666666,0.6666666666666666,0.5,0.0,0.6666666666666666,1.0,1.0,1.0,0.6666666666666666,0.6666666666666666,0.6666666666666666,0.6666666666666666
10454,0.6666666666666666,0.6666666666666666,1.0,0.5,1.0,1.0,1.0,0.0,0.6666666666666666,1.0,1.0,1.0,0.0,0.6666666666666666,0.5,0.6,0.75,0.8,0.2,1.0,0.4,1.0,1.0,0.0,0.4,0.4,0.0,0.4,0.5,1.0,0.4,0.8,1.0,0.0,1.0,0.0,0.0,1.0,0.0,1.0,0.0,1.0,1.0,0.0,1.0,1.0,0.0,1.0,1.0,0.0,0.0,1.0,0.0,1.0,0.0,0.0,0.0,0.0,1.0,0.0,0.0,0.0,0.0,1.0,1.0,1.0,0.0,1.0,1.0,1.0,0.0,1.0,0.0,1.0,0.0,1.0,1.0,1.0,0.0,0.0,0.0,0.0,0.0,0.0,1.0,0.0,1.0,1.0,1.0,0.0,0.0,1.0,1.0,0.5,0.0,0.0,0.5,0.0,0.0,0.3333333333333333,0.3333333333333333,0.0,0.0,0.0,0.5,0.0,0.0,0.5,0.0,0.0,0.3333333333333333,0.0,1.0,0.6666666666666666,1.0,1.0,1.0,0.5,1.0,1.0,1.0,0.0,0.6666666666666666,0.6666666666666666,0.5,1.0,1.0,0.6666666666666666,0.6666666666666666,0.3333333333333333
11118,1.0,1.0,1.0,1.0,1.0,1.0,1.0,0.5,1.0,1.0,1.0,1.0,1.0,1.0,1.0,1.0,1.0,1.0,1.0,1.0,0.0,1.0,0.8,1.0,0.2,0.8,1.0,0.6,0.75,1.0,1.0,0.4,1.0,1.0,1.0,0.0,1.0,0.0,1.0,1.0,1.0,1.0,1.0,0.0,1.0,0.0,0.0,0.0,1.0,0.0,0.0,0.0,0.0,1.0,0.0,0.0,1.0,1.0,1.0,0.0,0.0,0.0,0.0,0.0,0.0,0.0,0.0,1.0,0.0,1.0,1.0,1.0,1.0,1.0,0.0,1.0,1.0,0.0,0.0,0.0,1.0,0.0,0.0,0.0,1.0,0.0,1.0,1.0,1.0,0.0,0.0,0.0,1.0,0.0,0.0,0.0,0.0,0.5,0.0,0.0,0.3333333333333333,0.0,0.3333333333333333,1.0,0.0,0.0,0.0,0.5,0.0,0.0,0.3333333333333333,0.0,1.0,1.0,1.0,1.0,1.0,0.0,0.6666666666666666,1.0,1.0,0.0,0.3333333333333333,1.0,1.0,1.0,0.6666666666666666,1.0,1.0,1.0
13661,1.0,1.0,1.0,1.0,1.0,1.0,1.0,1.0,0.6666666666666666,1.0,1.0,1.0,1.0,0.6666666666666666,0.75,0.2,0.75,0.6,0.0,1.0,0.0,1.0,0.0,0.8,0.4,0.8,1.0,0.4,0.5,0.25,1.0,1.0,1.0,1.0,1.0,0.0,1.0,0.0,1.0,1.0,0.0,1.0,0.0,0.0,1.0,0.0,0.0,0.0,0.0,1.0,0.0,0.0,0.0,0.0,0.0,0.0,1.0,0.0,1.0,0.0,0.0,0.0,1.0,1.0,1.0,0.0,0.0,1.0,0.0,1.0,0.0,1.0,1.0,1.0,0.0,1.0,1.0,0.0,0.0,0.0,1.0,1.0,0.0,1.0,0.0,1.0,0.0,1.0,0.0,0.0,0.0,0.0,0.0,0.5,0.5,1.0,0.0,0.5,0.0,0.0,0.3333333333333333,0.0,0.3333333333333333,0.0,0.0,0.3333333333333333,0.0,0.5,0.0,0.5,0.0,0.0,1.0,1.0,0.6666666666666666,0.5,1.0,0.5,0.0,0.6666666666666666,1.0,0.3333333333333333,0.6666666666666666,1.0,1.0,1.0,1.0,1.0,1.0,0.3333333333333333
16426,0.6666666666666666,1.0,1.0,0.5,0.5,0.6666666666666666,0.0,0.0,0.6666666666666666,1.0,0.5,0.6666666666666666,0.5,0.6666666666666666,0.75,0.6,0.5,0.4,0.8,0.25,0.6,1.0,0.2,0.8,0.8,0.6,0.2,0.0,0.0,0.5,0.0,0.0,0.0,0.0,1.0,0.0,0.0,0.0,1.0,1.0,1.0,0.0,1.0,0.0,0.0,0.0,0.0,0.0,1.0,0.0,0.0,0.0,0.0,1.0,0.0,1.0,1.0,0.0,1.0,0.0,0.0,0.0,0.0,0.0,1.0,0.0,0.0,1.0,0.0,1.0,0.0,0.0,1.0,0.0,0.0,0.0,1.0,0.0,0.0,1.0,1.0,0.0,1.0,1.0,0.0,0.0,0.0,1.0,0.0,1.0,1.0,0.0,0.0,0.5,0.5,0.0,0.0,0.0,0.0,0.3333333333333333,0.3333333333333333,1.0,0.0,1.0,0.5,0.0,1.0,0.5,0.0,0.5,0.3333333333333333,0.3333333333333333,1.0,0.6666666666666666,1.0,0.5,1.0,0.0,0.3333333333333333,0.6666666666666666,1.0,0.0,0.3333333333333333,0.6666666666666666,1.0,1.0,0.6666666666666666,0.6666666666666666,1.0,0.6666666666666666
17122,1.0,1.0,1.0,1.0,1.0,1.0,1.0,1.0,1.0,1.0,1.0,1.0,1.0,1.0,1.0,1.0,1.0,1.0,0.8,1.0,0.0,0.8,1.0,1.0,1.0,0.0,1.0,1.0,1.0,1.0,1.0,0.6,1.0,1.0,1.0,0.0,1.0,0.0,1.0,1.0,0.0,1.0,1.0,1.0,1.0,0.0,0.0,1.0,1.0,0.0,0.0,0.0,0.0,1.0,0.0,0.0,1.0,1.0,1.0,1.0,0.0,0.0,0.0,0.0,0.0,0.0,0.0,1.0,1.0,1.0,1.0,0.0,1.0,1.0,0.0,1.0,1.0,0.0,0.0,0.0,0.0,0.0,0.0,1.0,1.0,1.0,0.0,1.0,1.0,1.0,0.0,0.0,0.0,0.0,0.0,0.0,0.0,0.0,0.0,0.0,0.0,0.0,0.0,0.0,0.0,0.0,0.0,0.0,0.0,0.0,0.0,0.0,1.0,1.0,1.0,1.0,1.0,0.0,1.0,1.0,1.0,0.0,0.0,1.0,1.0,1.0,1.0,1.0,0.6666666666666666,1.0
17362,1.0,0.6666666666666666,0.6666666666666666,0.0,0.5,0.0,0.5,0.5,0.6666666666666666,0.0,0.0,0.3333333333333333,1.0,0.6666666666666666,0.75,0.8,0.5,0.8,1.0,1.0,0.2,0.4,0.6,0.4,0.6,0.0,1.0,0.0,0.5,0.75,0.6,0.6,1.0,0.0,1.0,0.0,1.0,1.0,1.0,1.0,0.0,1.0,1.0,0.0,1.0,0.0,0.0,0.0,0.0,0.0,0.0,0.0,0.0,0.0,0.0,0.0,1.0,0.0,0.0,0.0,0.0,0.0,0.0,0.0,0.0,0.0,0.0,0.0,0.0,1.0,1.0,0.0,1.0,1.0,0.0,1.0,1.0,0.0,1.0,1.0,1.0,0.0,0.0,1.0,0.0,0.0,1.0,0.0,1.0,0.0,0.0,0.0,0.0,0.0,0.0,0.0,0.0,0.0,0.0,0.0,0.0,0.0,0.0,0.0,0.0,0.0,0.0,0.5,0.5,0.0,0.6666666666666666,0.6666666666666666,1.0,1.0,1.0,1.0,1.0,0.0,0.6666666666666666,1.0,1.0,0.0,0.0,1.0,1.0,0.5,0.6666666666666666,1.0,1.0,1.0
17931,0.6666666666666666,1.0,1.0,0.5,0.5,0.6666666666666666,0.5,0.5,0.6666666666666666,0.5,0.5,0.6666666666666666,1.0,1.0,0.75,0.6,0.75,0.2,0.0,0.25,0.0,0.4,0.8,0.8,0.2,0.0,1.0,0.6,0.75,0.75,0.6,0.4,1.0,1.0,1.0,0.0,1.0,0.0,1.0,1.0,0.0,1.0,1.0,0.0,1.0,1.0,0.0,0.0,1.0,0.0,0.0,0.0,0.0,1.0,0.0,0.0,0.0,0.0,1.0,0.0,0.0,0.0,0.0,1.0,0.0,0.0,0.0,1.0,0.0,1.0,0.0,0.0,1.0,0.0,0.0,1.0,1.0,0.0,0.0,0.0,1.0,1.0,0.0,1.0,1.0,0.0,0.0,1.0,1.0,0.0,1.0,1.0,0.0,0.0,0.0,0.5,0.0,0.5,0.0,0.0,0.0,0.0,0.0,0.0,0.0,0.3333333333333333,0.0,0.0,0.5,0.0,0.0,0.0,0.5,0.6666666666666666,0.6666666666666666,1.0,1.0,0.5,0.0,0.6666666666666666,0.5,0.0,0.3333333333333333,1.0,1.0,0.5,0.3333333333333333,0.6666666666666666,0.6666666666666666,0.6666666666666666
20327,1.0,1.0,1.0,1.0,1.0,1.0,1.0,1.0,1.0,1.0,1.0,1.0,1.0,1.0,1.0,1.0,0.75,0.6,0.8,0.5,0.0,1.0,1.0,0.8,1.0,0.8,0.6,0.4,0.75,1.0,0.6,0.8,1.0,1.0,1.0,0.0,1.0,0.0,1.0,1.0,0.0,1.0,1.0,0.0,0.0,1.0,0.0,0.0,1.0,0.0,0.0,0.0,0.0,1.0,0.0,1.0,1.0,0.0,1.0,0.0,0.0,0.0,0.0,0.0,0.0,0.0,0.0,1.0,1.0,1.0,0.0,0.0,1.0,1.0,0.0,1.0,1.0,0.0,0.0,0.0,1.0,0.0,0.0,1.0,1.0,0.0,1.0,1.0,1.0,0.0,0.0,1.0,0.0,0.5,0.0,0.0,0.0,0.0,0.0,0.0,0.0,0.0,0.3333333333333333,0.0,0.0,0.0,0.0,0.0,0.0,0.0,0.0,0.0,1.0,1.0,1.0,1.0,1.0,0.0,1.0,1.0,1.0,0.0,0.0,1.0,1.0,1.0,1.0,1.0,1.0,1.0
27658,1.0,1.0,1.0,1.0,1.0,1.0,1.0,1.0,1.0,0.5,1.0,1.0,1.0,1.0,1.0,1.0,1.0,1.0,0.6,1.0,0.0,1.0,1.0,1.0,1.0,1.0,1.0,0.4,0.75,0.75,0.6,0.8,1.0,1.0,1.0,0.0,1.0,1.0,1.0,1.0,0.0,1.0,1.0,0.0,1.0,1.0,0.0,0.0,1.0,0.0,0.0,0.0,0.0,1.0,0.0,0.0,1.0,0.0,1.0,0.0,0.0,0.0,0.0,0.0,0.0,0.0,0.0,1.0,0.0,1.0,1.0,1.0,1.0,1.0,0.0,1.0,1.0,0.0,0.0,0.0,0.0,0.0,0.0,1.0,1.0,0.0,1.0,1.0,1.0,0.0,0.0,0.0,1.0,0.0,0.0,0.0,0.0,0.5,0.0,0.0,0.0,0.0,0.0,1.0,0.0,0.0,0.0,0.0,0.0,0.0,0.3333333333333333,0.0,1.0,1.0,1.0,1.0,1.0,0.0,1.0,1.0,0.5,0.0,0.6666666666666666,0.6666666666666666,1.0,1.0,0.6666666666666666,1.0,1.0,1.0
27804,0.6666666666666666,0.6666666666666666,1.0,0.5,0.5,0.6666666666666666,0.5,0.5,0.6666666666666666,0.5,1.0,0.6666666666666666,0.5,0.0,1.0,0.6,0.25,0.4,0.2,0.25,0.2,0.8,0.6,0.8,0.6,0.6,1.0,0.2,0.75,1.0,0.6,0.6,1.0,1.0,1.0,0.0,1.0,0.0,1.0,1.0,0.0,1.0,1.0,1.0,1.0,0.0,1.0,0.0,1.0,0.0,1.0,0.0,0.0,1.0,0.0,1.0,1.0,0.0,1.0,0.0,0.0,0.0,0.0,0.0,0.0,0.0,0.0,0.0,1.0,1.0,1.0,1.0,1.0,1.0,0.0,0.0,1.0,0.0,0.0,0.0,0.0,1.0,0.0,1.0,1.0,0.0,0.0,1.0,1.0,1.0,0.0,0.0,0.0,0.0,0.0,0.0,0.5,0.5,0.0,0.0,0.0,0.0,0.0,0.0,0.0,0.0,0.0,0.0,0.5,0.0,0.0,0.0,1.0,0.6666666666666666,0.6666666666666666,0.5,1.0,0.5,1.0,0.6666666666666666,1.0,0.0,0.0,1.0,0.5,1.0,0.6666666666666666,1.0,1.0,1.0
30344,0.6666666666666666,0.6666666666666666,1.0,1.0,0.5,0.6666666666666666,0.0,0.0,0.6666666666666666,0.5,0.5,0.6666666666666666,0.0,0.3333333333333333,0.75,0.4,0.5,0.0,0.2,0.75,0.0,1.0,0.0,0.8,0.0,1.0,0.0,0.2,0.25,0.5,0.6,1.0,1.0,0.0,0.0,0.0,0.0,0.0,1.0,1.0,0.0,1.0,1.0,0.0,0.0,0.0,1.0,0.0,0.0,0.0,0.0,0.0,1.0,1.0,0.0,0.0,1.0,0.0,0.0,0.0,0.0,0.0,0.0,0.0,1.0,0.0,0.0,1.0,0.0,0.0,0.0,1.0,1.0,1.0,0.0,0.0,0.0,0.0,0.0,0.0,1.0,1.0,0.0,0.0,1.0,1.0,0.0,1.0,0.0,0.0,1.0,1.0,0.0,0.5,0.5,0.0,0.0,0.0,0.0,0.0,0.0,0.0,0.0,0.0,0.0,0.0,0.0,0.0,0.0,0.0,0.0,0.0,0.5,0.3333333333333333,0.0,0.5,1.0,0.5,0.3333333333333333,0.3333333333333333,1.0,0.3333333333333333,0.0,0.3333333333333333,0.0,1.0,0.0,0.3333333333333333,0.0,0.6666666666666666
31008,1.0,1.0,0.6666666666666666,0.5,0.5,1.0,1.0,0.5,0.6666666666666666,0.5,1.0,0.6666666666666666,0.5,0.6666666666666666,0.75,0.6,0.75,0.0,0.8,0.5,0.4,1.0,0.8,0.6,0.2,0.4,1.0,1.0,1.0,0.0,0.8,0.8,1.0,1.0,1.0,0.0,1.0,0.0,1.0,1.0,0.0,1.0,1.0,0.0,1.0,0.0,0.0,0.0,1.0,0.0,0.0,0.0,0.0,1.0,0.0,0.0,1.0,0.0,1.0,0.0,0.0,0.0,0.0,0.0,0.0,0.0,0.0,1.0,1.0,1.0,1.0,1.0,1.0,1.0,0.0,1.0,1.0,0.0,0.0,0.0,0.0,0.0,0.0,0.0,1.0,0.0,1.0,1.0,1.0,0.0,0.0,0.0,0.0,0.5,0.5,0.5,0.5,0.5,0.0,0.6666666666666666,0.6666666666666666,1.0,0.0,0.0,0.0,0.0,0.0,0.5,0.0,0.0,0.0,0.0,0.5,0.3333333333333333,0.0,1.0,0.6666666666666666,0.5,0.3333333333333333,0.6666666666666666,0.5,0.3333333333333333,0.3333333333333333,1.0,1.0,0.5,0.6666666666666666,0.3333333333333333,0.6666666666666666,0.6666666666666666
32481,1.0,0.0,0.6666666666666666,0.5,0.5,0.6666666666666666,0.5,0.5,0.3333333333333333,0.5,1.0,0.6666666666666666,1.0,1.0,1.0,0.4,0.75,0.2,0.6,1.0,0.0,1.0,0.0,0.6,0.4,0.4,1.0,1.0,0.75,0.5,0.2,0.4,1.0,1.0,0.0,0.0,1.0,0.0,1.0,1.0,0.0,1.0,1.0,0.0,1.0,1.0,1.0,0.0,1.0,0.0,1.0,1.0,0.0,1.0,0.0,0.0,1.0,0.0,1.0,0.0,0.0,0.0,0.0,0.0,0.0,0.0,0.0,1.0,0.0,1.0,0.0,1.0,1.0,1.0,0.0,0.0,1.0,0.0,1.0,0.0,0.0,0.0,0.0,1.0,1.0,0.0,1.0,1.0,1.0,0.0,1.0,0.0,1.0,0.5,0.5,0.0,0.0,0.0,0.0,0.3333333333333333,0.0,0.0,0.3333333333333333,0.0,0.0,0.6666666666666666,0.0,0.0,0.0,0.0,0.0,0.0,1.0,0.6666666666666666,0.6666666666666666,1.0,1.0,0.5,0.6666666666666666,0.6666666666666666,1.0,0.3333333333333333,0.3333333333333333,0.6666666666666666,1.0,1.0,0.6666666666666666,0.3333333333333333,0.6666666666666666,0.6666666666666666
37417,0.6666666666666666,0.6666666666666666,0.6666666666666666,1.0,1.0,0.6666666666666666,0.5,0.5,1.0,1.0,1.0,1.0,0.5,0.6666666666666666,1.0,1.0,1.0,1.0,1.0,1.0,0.0,1.0,1.0,0.8,0.6,0.8,1.0,0.6,1.0,1.0,1.0,1.0,1.0,1.0,1.0,0.0,1.0,0.0,1.0,1.0,0.0,1.0,1.0,0.0,1.0,0.0,0.0,0.0,1.0,0.0,0.0,1.0,0.0,0.0,0.0,0.0,1.0,0.0,1.0,0.0,0.0,0.0,1.0,0.0,0.0,0.0,0.0,1.0,0.0,1.0,1.0,1.0,1.0,1.0,0.0,1.0,1.0,0.0,0.0,0.0,0.0,0.0,0.0,1.0,1.0,0.0,1.0,1.0,1.0,0.0,0.0,1.0,1.0,0.0,0.0,0.0,0.0,0.0,0.0,0.0,0.3333333333333333,0.0,0.0,0.0,0.0,0.3333333333333333,0.0,0.5,0.0,0.0,0.0,0.0,1.0,0.6666666666666666,1.0,1.0,1.0,0.0,1.0,0.6666666666666666,0.5,0.0,0.6666666666666666,1.0,1.0,1.0,1.0,0.3333333333333333,0.6666666666666666,0.6666666666666666
38012,1.0,1.0,1.0,1.0,1.0,1.0,1.0,1.0,1.0,1.0,1.0,1.0,1.0,1.0,1.0,1.0,1.0,1.0,1.0,1.0,0.0,1.0,1.0,1.0,1.0,0.0,1.0,0.8,1.0,1.0,1.0,0.8,1.0,1.0,1.0,0.0,1.0,1.0,1.0,1.0,0.0,1.0,1.0,1.0,1.0,0.0,0.0,0.0,1.0,0.0,0.0,0.0,0.0,1.0,0.0,0.0,1.0,0.0,1.0,0.0,1.0,0.0,1.0,1.0,1.0,0.0,0.0,1.0,0.0,1.0,0.0,1.0,1.0,1.0,0.0,1.0,1.0,1.0,0.0,1.0,1.0,0.0,0.0,1.0,1.0,0.0,0.0,1.0,0.0,1.0,0.0,0.0,1.0,0.0,0.0,0.0,0.0,0.0,0.0,0.0,0.0,0.0,0.0,0.0,0.0,0.0,0.0,0.0,0.0,0.0,0.0,0.0,1.0,1.0,1.0,1.0,1.0,0.0,0.6666666666666666,1.0,1.0,0.3333333333333333,0.0,1.0,1.0,1.0,1.0,1.0,1.0,1.0
40621,1.0,1.0,1.0,1.0,1.0,1.0,1.0,1.0,0.6666666666666666,1.0,1.0,1.0,1.0,1.0,1.0,0.6,1.0,0.8,1.0,1.0,0.0,1.0,0.4,1.0,0.6,0.8,1.0,0.8,1.0,0.75,1.0,1.0,1.0,1.0,1.0,0.0,1.0,0.0,1.0,1.0,0.0,1.0,1.0,0.0,1.0,1.0,0.0,0.0,1.0,0.0,0.0,1.0,0.0,1.0,0.0,0.0,1.0,0.0,1.0,0.0,0.0,0.0,1.0,0.0,0.0,0.0,0.0,1.0,1.0,1.0,1.0,1.0,1.0,1.0,0.0,1.0,1.0,0.0,0.0,0.0,0.0,1.0,0.0,1.0,1.0,0.0,1.0,1.0,1.0,0.0,0.0,0.0,0.0,0.0,0.0,0.0,0.0,0.0,0.0,0.0,0.0,0.0,0.0,0.0,0.0,0.0,0.0,0.0,0.0,0.0,0.0,0.0,1.0,0.6666666666666666,1.0,1.0,1.0,0.0,0.6666666666666666,0.6666666666666666,0.5,0.0,0.0,1.0,1.0,1.0,1.0,1.0,1.0,1.0
42757,0.6666666666666666,0.6666666666666666,0.6666666666666666,1.0,1.0,0.6666666666666666,0.5,0.5,1.0,1.0,0.5,0.6666666666666666,0.5,0.6666666666666666,1.0,1.0,0.75,1.0,0.8,0.5,0.8,1.0,0.8,0.6,0.0,0.2,0.6,0.6,0.5,0.75,0.6,0.4,1.0,1.0,1.0,0.0,1.0,1.0,1.0,1.0,0.0,1.0,1.0,1.0,1.0,0.0,0.0,0.0,0.0,0.0,0.0,0.0,0.0,1.0,0.0,0.0,1.0,0.0,1.0,0.0,0.0,0.0,1.0,1.0,1.0,0.0,1.0,1.0,1.0,1.0,0.0,1.0,1.0,1.0,0.0,1.0,1.0,0.0,0.0,0.0,0.0,0.0,0.0,1.0,1.0,0.0,1.0,1.0,1.0,1.0,0.0,0.0,1.0,0.0,0.0,0.0,0.0,0.0,0.0,0.0,0.0,0.0,0.0,0.0,0.0,0.0,0.0,0.0,0.0,0.5,0.0,0.0,1.0,0.6666666666666666,1.0,1.0,1.0,0.0,0.6666666666666666,1.0,0.5,0.0,0.0,1.0,1.0,1.0,1.0,0.6666666666666666,0.6666666666666666,0.6666666666666666
44230,0.6666666666666666,1.0,0.6666666666666666,0.5,0.0,1.0,0.5,1.0,0.6666666666666666,0.5,1.0,1.0,0.5,1.0,0.75,0.6,0.5,0.4,0.4,1.0,0.0,0.6,0.8,0.2,0.6,1.0,0.6,0.2,0.25,0.75,0.8,0.2,1.0,0.0,1.0,0.0,1.0,1.0,1.0,1.0,1.0,1.0,1.0,0.0,1.0,1.0,1.0,0.0,0.0,0.0,0.0,0.0,0.0,1.0,0.0,0.0,1.0,0.0,1.0,0.0,0.0,0.0,0.0,0.0,0.0,0.0,0.0,1.0,1.0,0.0,1.0,1.0,1.0,1.0,1.0,1.0,1.0,0.0,0.0,1.0,1.0,1.0,0.0,1.0,1.0,1.0,1.0,1.0,1.0,1.0,1.0,0.0,0.0,0.5,0.0,0.0,0.0,0.5,0.0,0.0,0.3333333333333333,0.0,0.3333333333333333,0.0,0.0,0.0,0.0,0.5,0.0,0.0,0.3333333333333333,0.0,1.0,0.6666666666666666,0.6666666666666666,1.0,1.0,0.0,0.6666666666666666,0.6666666666666666,1.0,0.0,0.3333333333333333,1.0,1.0,1.0,0.3333333333333333,0.6666666666666666,0.6666666666666666,0.6666666666666666
44894,0.6666666666666666,1.0,0.6666666666666666,1.0,1.0,0.6666666666666666,0.5,1.0,0.6666666666666666,1.0,0.5,1.0,0.5,0.6666666666666666,0.75,0.8,1.0,0.8,1.0,0.75,0.2,0.4,0.8,1.0,0.2,0.2,0.8,0.8,1.0,1.0,0.8,1.0,1.0,0.0,1.0,0.0,1.0,1.0,1.0,1.0,0.0,1.0,1.0,0.0,1.0,0.0,0.0,0.0,1.0,0.0,0.0,0.0,0.0,0.0,0.0,0.0,1.0,1.0,1.0,0.0,0.0,0.0,0.0,0.0,0.0,0.0,0.0,1.0,0.0,0.0,1.0,0.0,1.0,1.0,0.0,1.0,1.0,0.0,0.0,1.0,1.0,0.0,0.0,1.0,1.0,0.0,1.0,1.0,0.0,1.0,0.0,0.0,1.0,0.0,0.0,0.0,0.0,0.5,0.0,0.0,0.0,0.0,0.0,1.0,0.0,0.0,0.0,0.5,0.0,0.0,0.0,0.0,1.0,1.0,1.0,1.0,0.6666666666666666,0.0,0.6666666666666666,1.0,0.5,0.0,0.3333333333333333,1.0,1.0,1.0,0.6666666666666666,0.6666666666666666,0.6666666666666666,0.6666666666666666
47434,1.0,0.6666666666666666,0.6666666666666666,0.5,0.5,1.0,0.5,0.5,0.6666666666666666,0.5,0.5,1.0,0.5,0.6666666666666666,0.75,1.0,0.5,1.0,0.6,0.75,0.2,0.4,0.4,0.6,0.4,0.6,1.0,0.8,0.75,0.25,0.6,0.6,1.0,1.0,1.0,0.0,1.0,0.0,1.0,1.0,0.0,1.0,1.0,0.0,1.0,1.0,0.0,0.0,1.0,0.0,1.0,0.0,0.0,1.0,0.0,0.0,1.0,0.0,1.0,0.0,0.0,0.0,0.0,0.0,0.0,0.0,0.0,1.0,0.0,0.0,0.0,0.0,1.0,1.0,0.0,1.0,1.0,0.0,0.0,0.0,1.0,0.0,0.0,1.0,1.0,0.0,1.0,1.0,1.0,1.0,0.0,0.0,1.0,0.5,0.5,0.0,0.0,0.5,0.0,0.0,0.3333333333333333,0.0,0.3333333333333333,1.0,0.0,0.3333333333333333,0.5,0.5,0.0,1.0,0.3333333333333333,0.0,1.0,0.3333333333333333,0.6666666666666666,1.0,0.6666666666666666,0.0,0.6666666666666666,0.3333333333333333,0.0,0.0,0.6666666666666666,1.0,1.0,1.0,0.3333333333333333,1.0,0.3333333333333333,0.3333333333333333
48226,1.0,1.0,1.0,1.0,1.0,1.0,1.0,1.0,1.0,1.0,1.0,1.0,1.0,1.0,1.0,0.8,0.5,1.0,1.0,1.0,0.0,1.0,1.0,0.8,0.4,0.6,1.0,0.4,0.25,0.75,1.0,0.6,0.0,1.0,1.0,0.0,1.0,0.0,1.0,1.0,0.0,1.0,0.0,0.0,1.0,0.0,1.0,0.0,0.0,0.0,1.0,0.0,0.0,1.0,0.0,0.0,1.0,0.0,1.0,1.0,0.0,0.0,0.0,1.0,1.0,0.0,0.0,1.0,0.0,1.0,1.0,1.0,1.0,1.0,0.0,1.0,1.0,0.0,0.0,0.0,0.0,1.0,0.0,1.0,1.0,1.0,1.0,1.0,1.0,1.0,0.0,0.0,0.0,0.0,0.0,0.5,0.0,0.0,0.0,0.3333333333333333,0.0,0.0,0.0,1.0,0.0,0.3333333333333333,0.0,0.5,0.0,0.5,0.3333333333333333,0.0,1.0,0.6666666666666666,0.3333333333333333,1.0,1.0,0.0,0.3333333333333333,1.0,0.5,0.0,0.0,1.0,1.0,1.0,1.0,1.0,1.0,0.6666666666666666
49830,0.6666666666666666,1.0,1.0,1.0,1.0,0.6666666666666666,1.0,1.0,0.6666666666666666,0.5,1.0,0.6666666666666666,1.0,1.0,1.0,1.0,0.5,1.0,0.2,0.75,0.0,1.0,1.0,1.0,1.0,1.0,1.0,0.6,1.0,1.0,0.6,0.8,1.0,1.0,1.0,0.0,1.0,1.0,1.0,1.0,0.0,1.0,1.0,0.0,1.0,1.0,1.0,0.0,1.0,0.0,0.0,0.0,0.0,1.0,0.0,0.0,1.0,0.0,1.0,0.0,0.0,0.0,0.0,0.0,0.0,0.0,0.0,1.0,1.0,1.0,1.0,1.0,1.0,1.0,0.0,1.0,1.0,0.0,0.0,0.0,1.0,0.0,0.0,1.0,1.0,0.0,1.0,1.0,1.0,0.0,0.0,1.0,1.0,0.0,0.0,0.5,0.0,0.0,0.0,0.0,0.3333333333333333,0.0,0.0,0.0,0.0,0.0,0.0,0.0,0.0,0.5,0.0,0.0,1.0,0.6666666666666666,1.0,1.0,1.0,0.0,0.6666666666666666,0.6666666666666666,1.0,0.0,0.0,1.0,1.0,1.0,1.0,0.6666666666666666,1.0,1.0
50234,1.0,1.0,1.0,1.0,1.0,1.0,1.0,0.5,1.0,1.0,1.0,1.0,0.5,0.6666666666666666,0.5,1.0,0.5,1.0,0.6,0.75,0.2,0.6,0.8,1.0,0.6,0.0,1.0,0.0,0.5,0.0,0.2,0.0,1.0,1.0,1.0,0.0,1.0,0.0,1.0,1.0,0.0,1.0,1.0,0.0,1.0,0.0,0.0,0.0,1.0,0.0,0.0,0.0,0.0,1.0,0.0,0.0,0.0,0.0,1.0,0.0,0.0,0.0,0.0,0.0,0.0,0.0,0.0,1.0,0.0,0.0,0.0,1.0,0.0,1.0,0.0,1.0,1.0,0.0,0.0,0.0,0.0,1.0,0.0,1.0,0.0,0.0,1.0,1.0,1.0,0.0,0.0,0.0,1.0,0.0,0.0,0.0,0.0,0.0,0.0,0.0,0.0,0.0,0.0,0.0,0.0,0.0,0.0,0.0,0.0,0.0,0.0,0.0,1.0,1.0,0.6666666666666666,0.5,1.0,0.0,0.0,0.3333333333333333,0.5,0.3333333333333333,0.0,1.0,0.5,1.0,0.0,0.6666666666666666,0.3333333333333333,0.6666666666666666
51860,0.3333333333333333,0.6666666666666666,0.6666666666666666,1.0,1.0,0.6666666666666666,0.5,0.5,0.3333333333333333,1.0,1.0,0.6666666666666666,0.5,0.6666666666666666,0.5,0.8,1.0,0.8,0.8,0.5,0.2,1.0,0.6,0.4,0.6,0.6,1.0,0.8,0.5,0.5,1.0,0.6,1.0,1.0,1.0,0.0,1.0,1.0,1.0,1.0,0.0,1.0,1.0,0.0,1.0,0.0,0.0,0.0,1.0,0.0,0.0,0.0,0.0,1.0,1.0,0.0,1.0,0.0,1.0,0.0,0.0,0.0,0.0,1.0,0.0,0.0,0.0,1.0,0.0,1.0,1.0,1.0,1.0,1.0,0.0,1.0,1.0,0.0,0.0,0.0,0.0,0.0,0.0,1.0,1.0,0.0,1.0,1.0,0.0,1.0,0.0,1.0,0.0,0.5,0.5,1.0,0.5,1.0,0.0,0.6666666666666666,0.3333333333333333,0.0,0.3333333333333333,1.0,0.5,0.0,1.0,0.5,0.5,1.0,0.3333333333333333,0.0,0.0,0.3333333333333333,0.3333333333333333,0.5,0.6666666666666666,1.0,0.3333333333333333,0.6666666666666666,0.5,0.3333333333333333,0.0,0.6666666666666666,0.5,0.5,0.6666666666666666,0.3333333333333333,0.3333333333333333,0.0
51966,0.6666666666666666,0.6666666666666666,0.6666666666666666,0.5,0.0,0.6666666666666666,0.5,0.5,0.6666666666666666,0.5,0.5,1.0,0.5,0.6666666666666666,0.0,0.6,0.25,1.0,0.4,0.5,0.8,0.8,0.0,0.6,0.4,0.4,0.8,0.2,0.0,0.0,0.8,0.2,0.0,0.0,1.0,0.0,1.0,0.0,1.0,1.0,0.0,1.0,1.0,1.0,1.0,0.0,0.0,0.0,0.0,1.0,0.0,0.0,0.0,1.0,0.0,1.0,0.0,0.0,0.0,1.0,0.0,0.0,0.0,1.0,1.0,0.0,0.0,1.0,1.0,1.0,0.0,0.0,0.0,1.0,0.0,1.0,1.0,0.0,0.0,1.0,1.0,0.0,0.0,1.0,0.0,0.0,0.0,1.0,1.0,0.0,0.0,0.0,0.0,0.0,1.0,0.0,1.0,0.5,0.0,0.0,0.6666666666666666,0.0,0.0,0.0,0.5,0.0,0.0,0.5,0.0,0.5,0.0,0.3333333333333333,0.0,0.3333333333333333,1.0,0.5,0.6666666666666666,0.0,0.6666666666666666,1.0,0.5,0.3333333333333333,0.3333333333333333,1.0,0.0,0.5,0.6666666666666666,0.6666666666666666,0.6666666666666666,0.6666666666666666
52371,0.6666666666666666,1.0,0.6666666666666666,0.5,0.5,1.0,1.0,0.5,0.6666666666666666,1.0,1.0,0.0,0.5,0.0,0.5,0.8,0.75,0.6,0.4,0.75,0.2,0.2,0.2,0.6,0.6,0.2,0.6,0.4,0.5,0.25,0.6,0.6,1.0,1.0,1.0,1.0,1.0,1.0,1.0,1.0,0.0,1.0,1.0,1.0,1.0,1.0,0.0,0.0,1.0,0.0,0.0,0.0,0.0,1.0,0.0,0.0,1.0,0.0,1.0,1.0,0.0,0.0,0.0,0.0,0.0,0.0,0.0,0.0,1.0,1.0,1.0,0.0,1.0,1.0,0.0,1.0,0.0,0.0,0.0,1.0,1.0,1.0,0.0,1.0,1.0,0.0,0.0,1.0,0.0,0.0,1.0,0.0,0.0,0.0,0.5,0.5,0.5,0.0,0.0,0.0,0.3333333333333333,0.0,0.0,1.0,0.5,0.0,0.0,0.0,0.5,0.0,0.0,0.0,1.0,1.0,0.6666666666666666,1.0,0.6666666666666666,0.0,0.6666666666666666,0.6666666666666666,1.0,0.0,0.6666666666666666,0.6666666666666666,1.0,0.5,0.6666666666666666,1.0,0.6666666666666666,0.6666666666666666
55501,1.0,0.0,1.0,0.5,0.5,0.3333333333333333,0.0,0.5,0.3333333333333333,0.5,0.0,0.6666666666666666,0.5,0.6666666666666666,0.5,0.4,0.0,1.0,0.6,0.25,0.6,0.2,0.4,0.6,0.8,0.6,0.8,0.4,1.0,0.5,0.6,0.4,1.0,0.0,1.0,0.0,1.0,1.0,1.0,1.0,0.0,1.0,0.0,0.0,1.0,0.0,0.0,1.0,1.0,0.0,0.0,0.0,1.0,1.0,0.0,0.0,1.0,0.0,1.0,0.0,0.0,0.0,0.0,1.0,0.0,0.0,0.0,0.0,1.0,1.0,1.0,0.0,1.0,1.0,0.0,1.0,1.0,0.0,1.0,1.0,0.0,0.0,1.0,1.0,0.0,1.0,0.0,1.0,1.0,1.0,1.0,0.0,0.0,0.5,0.0,0.0,0.0,0.5,0.3333333333333333,0.3333333333333333,0.3333333333333333,0.0,0.0,0.0,0.0,0.3333333333333333,0.0,0.0,0.0,0.0,0.0,0.0,0.5,0.6666666666666666,0.3333333333333333,0.5,0.6666666666666666,0.5,0.3333333333333333,1.0,0.5,0.6666666666666666,0.0,0.6666666666666666,0.5,0.0,0.6666666666666666,1.0,0.6666666666666666,0.6666666666666666
59848,0.6666666666666666,0.6666666666666666,0.6666666666666666,1.0,0.5,0.6666666666666666,0.5,0.5,0.6666666666666666,0.5,0.5,1.0,0.5,0.6666666666666666,0.75,0.8,0.5,0.8,0.8,0.5,0.2,0.4,0.4,0.8,0.2,0.4,0.6,0.8,0.5,0.75,0.6,1.0,0.0,1.0,1.0,0.0,1.0,0.0,1.0,1.0,0.0,1.0,1.0,0.0,1.0,0.0,0.0,0.0,1.0,0.0,1.0,0.0,0.0,1.0,0.0,0.0,1.0,0.0,1.0,0.0,0.0,0.0,0.0,0.0,0.0,0.0,0.0,1.0,0.0,1.0,1.0,1.0,1.0,1.0,0.0,1.0,1.0,0.0,0.0,0.0,1.0,0.0,0.0,1.0,1.0,0.0,1.0,1.0,1.0,0.0,0.0,1.0,1.0,0.0,0.0,0.5,0.5,0.5,0.0,0.3333333333333333,0.0,0.0,0.0,0.0,0.0,0.0,0.0,0.0,0.0,0.0,0.0,0.0,1.0,1.0,0.6666666666666666,0.5,0.6666666666666666,0.5,1.0,1.0,1.0,0.3333333333333333,0.3333333333333333,0.6666666666666666,1.0,0.5,0.6666666666666666,1.0,1.0,1.0
61984,1.0,1.0,1.0,1.0,1.0,1.0,1.0,0.5,0.6666666666666666,1.0,1.0,1.0,1.0,0.6666666666666666,1.0,0.8,1.0,1.0,0.8,1.0,0.6,0.8,0.6,0.8,0.8,1.0,1.0,1.0,1.0,1.0,1.0,0.6,1.0,1.0,1.0,0.0,1.0,0.0,1.0,1.0,0.0,1.0,1.0,1.0,1.0,1.0,0.0,1.0,1.0,1.0,0.0,0.0,0.0,1.0,0.0,0.0,0.0,0.0,1.0,0.0,0.0,0.0,0.0,1.0,0.0,0.0,0.0,0.0,0.0,1.0,0.0,1.0,1.0,1.0,0.0,1.0,1.0,1.0,0.0,0.0,0.0,0.0,1.0,1.0,1.0,0.0,0.0,1.0,0.0,0.0,0.0,0.0,0.0,0.5,0.5,0.0,0.5,0.0,0.3333333333333333,0.0,0.6666666666666666,1.0,0.3333333333333333,1.0,1.0,0.0,0.0,1.0,1.0,1.0,0.3333333333333333,0.3333333333333333,0.0,0.0,1.0,1.0,1.0,0.5,0.3333333333333333,0.6666666666666666,0.0,0.0,0.0,1.0,1.0,1.0,0.3333333333333333,1.0,1.0,0.3333333333333333
64784,0.6666666666666666,1.0,1.0,1.0,1.0,1.0,0.5,0.5,0.6666666666666666,0.5,0.5,0.6666666666666666,0.5,0.6666666666666666,0.0,0.8,0.0,1.0,0.6,0.75,0.0,0.8,0.0,0.4,0.2,0.4,1.0,0.0,0.5,0.5,0.0,0.6,1.0,1.0,1.0,1.0,1.0,0.0,1.0,1.0,0.0,1.0,1.0,0.0,1.0,0.0,0.0,0.0,1.0,0.0,1.0,0.0,0.0,1.0,0.0,0.0,1.0,1.0,1.0,0.0,0.0,0.0,0.0,0.0,1.0,0.0,0.0,1.0,0.0,1.0,1.0,1.0,0.0,1.0,0.0,1.0,1.0,0.0,0.0,0.0,0.0,0.0,0.0,1.0,1.0,0.0,1.0,1.0,1.0,0.0,0.0,1.0,0.0,0.0,0.0,0.0,0.5,0.0,0.0,0.0,0.6666666666666666,0.0,0.0,0.0,0.0,1.0,0.0,0.0,0.0,0.0,0.0,0.0,1.0,1.0,1.0,1.0,1.0,0.0,1.0,1.0,0.5,0.0,0.0,0.3333333333333333,0.5,1.0,0.6666666666666666,1.0,1.0,0.6666666666666666
68797,1.0,1.0,1.0,1.0,1.0,1.0,1.0,1.0,1.0,1.0,1.0,1.0,1.0,1.0,1.0,1.0,1.0,0.6,0.8,1.0,0.0,1.0,0.8,0.6,0.8,0.4,1.0,0.8,1.0,1.0,1.0,1.0,1.0,1.0,0.0,0.0,1.0,0.0,1.0,1.0,0.0,1.0,1.0,0.0,1.0,0.0,0.0,0.0,0.0,0.0,0.0,0.0,0.0,1.0,0.0,0.0,1.0,0.0,1.0,0.0,0.0,0.0,0.0,0.0,0.0,0.0,1.0,1.0,1.0,1.0,0.0,0.0,1.0,1.0,0.0,1.0,1.0,0.0,0.0,0.0,0.0,0.0,0.0,1.0,1.0,0.0,0.0,1.0,1.0,0.0,0.0,1.0,0.0,0.5,0.5,0.5,0.5,0.5,0.3333333333333333,0.3333333333333333,0.3333333333333333,0.0,0.3333333333333333,1.0,0.5,0.3333333333333333,0.5,0.5,0.5,1.0,0.3333333333333333,0.0,1.0,0.6666666666666666,1.0,0.5,1.0,1.0,0.6666666666666666,1.0,0.5,0.0,0.6666666666666666,1.0,1.0,1.0,0.6666666666666666,1.0,0.6666666666666666,0.6666666666666666
69567,0.6666666666666666,0.6666666666666666,0.6666666666666666,1.0,1.0,1.0,1.0,1.0,1.0,1.0,1.0,1.0,1.0,1.0,0.75,0.6,0.5,0.8,0.6,0.75,0.8,0.8,0.6,0.6,0.8,0.6,0.8,0.4,0.75,0.25,0.6,0.8,1.0,1.0,0.0,0.0,1.0,1.0,1.0,0.0,0.0,1.0,0.0,0.0,1.0,1.0,0.0,0.0,1.0,1.0,0.0,0.0,0.0,1.0,0.0,0.0,1.0,0.0,1.0,0.0,0.0,0.0,1.0,0.0,0.0,0.0,0.0,1.0,0.0,1.0,1.0,1.0,1.0,1.0,0.0,1.0,1.0,0.0,0.0,1.0,0.0,0.0,0.0,1.0,1.0,0.0,1.0,1.0,1.0,1.0,0.0,0.0,0.0,0.0,0.5,0.5,0.5,0.0,0.6666666666666666,0.0,0.3333333333333333,0.0,0.3333333333333333,0.0,0.0,0.0,0.5,0.5,0.0,0.0,0.0,0.0,0.5,0.6666666666666666,1.0,1.0,1.0,0.0,1.0,1.0,0.5,0.0,0.3333333333333333,0.6666666666666666,0.5,0.5,0.6666666666666666,1.0,1.0,1.0
70933,1.0,1.0,0.6666666666666666,1.0,0.5,0.6666666666666666,0.5,0.5,0.6666666666666666,1.0,1.0,0.0,0.5,0.0,1.0,1.0,0.75,1.0,0.8,0.75,0.0,1.0,0.8,0.6,0.8,0.6,1.0,0.6,0.5,0.75,1.0,0.8,1.0,1.0,1.0,0.0,1.0,0.0,1.0,1.0,0.0,1.0,1.0,0.0,1.0,0.0,0.0,0.0,1.0,0.0,0.0,0.0,0.0,1.0,0.0,0.0,1.0,0.0,1.0,0.0,0.0,0.0,0.0,0.0,0.0,0.0,0.0,1.0,0.0,1.0,0.0,1.0,1.0,1.0,0.0,1.0,1.0,0.0,0.0,0.0,0.0,1.0,0.0,1.0,1.0,0.0,1.0,1.0,1.0,1.0,0.0,0.0,1.0,0.0,0.5,0.0,0.5,0.0,0.0,0.0,0.3333333333333333,0.0,0.3333333333333333,0.0,0.0,0.0,0.0,0.0,0.0,0.0,0.0,0.0,1.0,0.3333333333333333,0.6666666666666666,1.0,1.0,0.0,0.6666666666666666,1.0,1.0,0.0,0.0,1.0,1.0,1.0,0.6666666666666666,0.3333333333333333,0.6666666666666666,1.0
72002,1.0,1.0,0.6666666666666666,1.0,1.0,1.0,0.5,0.5,1.0,1.0,1.0,1.0,1.0,1.0,1.0,0.6,0.75,0.6,0.6,0.5,0.0,1.0,0.0,0.6,1.0,0.8,1.0,0.6,0.75,0.75,0.8,0.4,0.0,1.0,1.0,0.0,1.0,1.0,1.0,1.0,0.0,1.0,1.0,0.0,1.0,0.0,1.0,0.0,1.0,0.0,0.0,0.0,0.0,1.0,0.0,0.0,1.0,0.0,1.0,0.0,0.0,0.0,0.0,0.0,0.0,0.0,0.0,1.0,0.0,0.0,1.0,1.0,1.0,1.0,0.0,1.0,1.0,0.0,0.0,0.0,1.0,0.0,0.0,1.0,1.0,0.0,1.0,1.0,1.0,0.0,0.0,1.0,0.0,0.0,0.5,0.0,0.0,0.5,0.0,0.0,0.3333333333333333,0.0,0.0,0.0,0.0,0.3333333333333333,0.0,0.0,0.0,0.5,0.0,0.3333333333333333,0.5,0.6666666666666666,1.0,1.0,1.0,0.5,0.6666666666666666,0.6666666666666666,0.5,0.0,0.3333333333333333,1.0,1.0,1.0,0.6666666666666666,0.6666666666666666,1.0,0.6666666666666666
75206,1.0,1.0,1.0,1.0,1.0,1.0,1.0,1.0,1.0,1.0,1.0,1.0,1.0,1.0,1.0,0.6,1.0,0.8,1.0,1.0,0.2,1.0,0.2,1.0,1.0,0.8,1.0,1.0,1.0,1.0,1.0,0.8,1.0,1.0,1.0,0.0,1.0,0.0,1.0,1.0,0.0,1.0,1.0,0.0,1.0,1.0,0.0,0.0,1.0,0.0,0.0,0.0,0.0,1.0,0.0,0.0,1.0,0.0,1.0,0.0,0.0,0.0,1.0,0.0,0.0,0.0,0.0,1.0,0.0,0.0,1.0,1.0,1.0,1.0,0.0,1.0,1.0,0.0,0.0,0.0,0.0,1.0,0.0,1.0,1.0,0.0,1.0,1.0,1.0,0.0,0.0,1.0,0.0,0.0,0.0,0.0,0.0,0.0,0.0,0.3333333333333333,0.3333333333333333,0.0,0.0,0.0,0.0,0.0,0.0,0.5,0.0,0.0,0.3333333333333333,0.0,1.0,1.0,0.6666666666666666,1.0,1.0,0.0,0.3333333333333333,1.0,1.0,0.0,0.0,1.0,1.0,1.0,1.0,1.0,1.0,1.0
75870,1.0,1.0,1.0,1.0,1.0,1.0,1.0,1.0,1.0,1.0,1.0,1.0,1.0,1.0,1.0,0.8,1.0,0.6,1.0,0.75,0.0,1.0,1.0,0.6,0.6,1.0,1.0,0.6,0.5,1.0,1.0,0.6,1.0,1.0,1.0,0.0,1.0,0.0,1.0,1.0,0.0,1.0,1.0,0.0,1.0,1.0,0.0,0.0,1.0,0.0,0.0,0.0,0.0,1.0,0.0,0.0,1.0,0.0,1.0,0.0,0.0,0.0,0.0,0.0,0.0,0.0,0.0,1.0,0.0,0.0,1.0,0.0,1.0,1.0,0.0,1.0,1.0,0.0,0.0,0.0,1.0,0.0,1.0,1.0,0.0,0.0,1.0,1.0,1.0,0.0,0.0,1.0,1.0,0.0,0.0,0.0,0.0,0.0,0.0,0.0,0.0,0.0,0.0,0.0,0.0,0.0,0.0,0.0,0.0,0.0,0.0,0.0,1.0,1.0,1.0,1.0,1.0,0.0,0.6666666666666666,0.6666666666666666,1.0,0.0,0.0,1.0,1.0,1.0,1.0,1.0,1.0,1.0
76274,1.0,1.0,1.0,1.0,1.0,1.0,1.0,1.0,1.0,1.0,1.0,1.0,1.0,1.0,0.75,1.0,1.0,1.0,0.8,0.75,0.2,0.8,1.0,1.0,1.0,0.8,1.0,1.0,0.5,0.75,1.0,0.8,1.0,1.0,1.0,0.0,1.0,0.0,1.0,1.0,1.0,1.0,1.0,1.0,1.0,0.0,0.0,0.0,1.0,0.0,0.0,0.0,0.0,1.0,0.0,0.0,1.0,0.0,1.0,0.0,0.0,0.0,0.0,1.0,0.0,0.0,0.0,1.0,1.0,0.0,0.0,0.0,1.0,1.0,0.0,1.0,0.0,1.0,0.0,0.0,0.0,0.0,0.0,0.0,1.0,0.0,0.0,1.0,0.0,0.0,0.0,1.0,0.0,0.5,0.0,0.0,0.0,0.5,0.0,0.0,0.0,0.0,0.3333333333333333,1.0,0.5,0.3333333333333333,0.0,0.0,0.0,0.5,0.0,0.0,1.0,0.6666666666666666,0.3333333333333333,1.0,1.0,1.0,0.3333333333333333,0.0,1.0,0.0,0.6666666666666666,1.0,0.5,1.0,1.0,0.0,0.3333333333333333,0.3333333333333333
76533,0.6666666666666666,1.0,0.6666666666666666,0.5,1.0,0.6666666666666666,1.0,1.0,0.6666666666666666,0.5,0.5,0.6666666666666666,0.5,0.6666666666666666,1.0,1.0,0.75,1.0,0.8,0.5,0.0,1.0,0.8,0.6,1.0,0.8,1.0,0.6,1.0,1.0,0.8,0.4,1.0,1.0,1.0,0.0,1.0,0.0,1.0,1.0,0.0,1.0,1.0,0.0,1.0,0.0,0.0,0.0,1.0,0.0,0.0,0.0,0.0,1.0,0.0,0.0,1.0,0.0,1.0,0.0,0.0,0.0,1.0,0.0,0.0,0.0,0.0,1.0,0.0,1.0,1.0,1.0,1.0,1.0,0.0,1.0,1.0,0.0,0.0,0.0,0.0,0.0,0.0,1.0,1.0,0.0,1.0,1.0,1.0,0.0,0.0,1.0,1.0,0.0,0.5,0.5,0.0,0.5,0.3333333333333333,0.0,0.3333333333333333,0.0,0.0,1.0,0.5,0.3333333333333333,0.0,0.0,0.0,0.0,0.3333333333333333,0.0,0.5,0.6666666666666666,1.0,0.5,1.0,0.5,0.3333333333333333,1.0,0.5,0.0,0.0,1.0,1.0,1.0,1.0,1.0,0.6666666666666666,0.3333333333333333
80547,0.6666666666666666,0.0,0.6666666666666666,0.5,0.5,0.3333333333333333,0.5,1.0,0.3333333333333333,0.5,0.5,1.0,0.5,1.0,1.0,0.6,0.25,0.2,0.4,0.5,0.0,0.8,0.8,0.6,0.4,0.8,1.0,0.6,1.0,0.75,0.6,0.4,0.0,1.0,0.0,0.0,1.0,1.0,0.0,1.0,1.0,0.0,1.0,1.0,1.0,0.0,0.0,1.0,0.0,0.0,0.0,0.0,0.0,1.0,1.0,0.0,1.0,0.0,1.0,1.0,0.0,0.0,0.0,0.0,0.0,0.0,0.0,1.0,1.0,1.0,1.0,1.0,1.0,1.0,0.0,1.0,1.0,0.0,0.0,1.0,1.0,0.0,0.0,1.0,1.0,0.0,1.0,1.0,1.0,0.0,0.0,0.0,0.0,0.5,0.0,0.5,0.0,0.0,0.0,0.0,0.3333333333333333,0.0,0.0,1.0,0.0,0.0,0.0,0.5,0.0,0.5,0.3333333333333333,0.0,1.0,0.3333333333333333,0.6666666666666666,1.0,1.0,1.0,1.0,0.6666666666666666,1.0,0.0,1.0,1.0,1.0,1.0,0.3333333333333333,0.3333333333333333,0.6666666666666666,0.6666666666666666
80806,0.6666666666666666,0.6666666666666666,0.6666666666666666,0.5,0.5,0.6666666666666666,0.5,0.5,0.3333333333333333,1.0,0.5,0.6666666666666666,0.5,0.6666666666666666,0.75,0.6,0.75,0.8,0.8,0.5,0.8,1.0,0.6,0.4,0.8,0.4,0.8,0.8,0.25,0.5,0.6,0.8,1.0,0.0,0.0,0.0,1.0,0.0,1.0,0.0,0.0,1.0,1.0,1.0,1.0,0.0,0.0,0.0,0.0,0.0,0.0,0.0,0.0,1.0,0.0,0.0,0.0,0.0,1.0,0.0,0.0,0.0,1.0,1.0,1.0,0.0,1.0,1.0,0.0,0.0,1.0,0.0,1.0,1.0,0.0,1.0,1.0,0.0,0.0,1.0,0.0,1.0,0.0,1.0,1.0,1.0,1.0,1.0,1.0,0.0,1.0,1.0,0.0,0.0,0.5,0.5,0.0,0.0,0.0,0.0,0.3333333333333333,0.0,0.0,0.0,0.0,0.3333333333333333,0.0,0.0,0.0,0.5,0.0,0.0,0.5,0.6666666666666666,0.3333333333333333,0.0,0.6666666666666666,0.0,0.3333333333333333,0.3333333333333333,0.5,0.0,0.3333333333333333,1.0,1.0,0.5,0.6666666666666666,0.3333333333333333,0.3333333333333333,0.6666666666666666
82942,1.0,1.0,0.6666666666666666,1.0,0.5,0.6666666666666666,1.0,0.5,0.6666666666666666,0.5,1.0,0.6666666666666666,1.0,0.6666666666666666,1.0,0.8,0.75,0.6,0.6,0.5,0.0,0.8,0.2,0.8,0.2,0.2,0.8,0.2,0.5,0.75,0.4,0.2,1.0,0.0,0.0,0.0,1.0,0.0,1.0,1.0,0.0,1.0,1.0,0.0,1.0,0.0,1.0,0.0,1.0,0.0,0.0,0.0,0.0,1.0,0.0,0.0,1.0,0.0,1.0,0.0,0.0,0.0,0.0,0.0,0.0,0.0,0.0,1.0,1.0,1.0,1.0,1.0,1.0,1.0,0.0,1.0,1.0,0.0,0.0,1.0,1.0,0.0,0.0,1.0,1.0,0.0,1.0,1.0,1.0,0.0,0.0,0.0,1.0,0.0,0.0,0.0,0.0,0.0,0.0,0.0,0.0,0.0,0.0,0.0,0.0,0.0,0.0,0.0,0.0,0.0,0.0,0.0,1.0,1.0,0.6666666666666666,0.5,1.0,0.0,0.6666666666666666,1.0,0.5,0.0,0.0,1.0,1.0,1.0,1.0,1.0,0.6666666666666666,1.0
85761,1.0,1.0,1.0,1.0,1.0,1.0,1.0,1.0,0.6666666666666666,1.0,1.0,1.0,1.0,1.0,0.75,0.4,1.0,1.0,0.8,0.5,0.0,0.6,1.0,0.6,0.4,0.0,0.6,0.8,0.25,1.0,1.0,0.8,1.0,1.0,1.0,0.0,1.0,0.0,1.0,1.0,0.0,1.0,0.0,0.0,1.0,0.0,0.0,0.0,1.0,0.0,0.0,0.0,0.0,1.0,1.0,0.0,0.0,0.0,1.0,0.0,0.0,0.0,0.0,0.0,0.0,0.0,0.0,0.0,1.0,0.0,0.0,1.0,1.0,1.0,0.0,1.0,1.0,0.0,0.0,1.0,0.0,1.0,0.0,0.0,1.0,0.0,0.0,1.0,0.0,0.0,0.0,0.0,0.0,0.0,0.0,0.0,0.0,0.5,0.0,0.0,0.0,0.0,0.0,0.0,0.0,0.0,0.0,0.5,0.0,0.5,0.0,0.0,1.0,0.6666666666666666,1.0,1.0,1.0,0.0,1.0,1.0,0.5,0.0,0.0,1.0,1.0,1.0,0.6666666666666666,1.0,0.6666666666666666,0.6666666666666666
88960,1.0,1.0,1.0,1.0,1.0,1.0,1.0,1.0,1.0,1.0,1.0,1.0,1.0,1.0,1.0,0.6,0.75,0.4,1.0,1.0,0.4,0.8,1.0,0.8,1.0,1.0,0.6,0.8,0.75,0.5,0.6,1.0,1.0,1.0,1.0,0.0,1.0,0.0,1.0,1.0,1.0,1.0,1.0,0.0,1.0,1.0,1.0,0.0,1.0,0.0,0.0,0.0,0.0,1.0,0.0,0.0,1.0,0.0,0.0,0.0,0.0,0.0,0.0,0.0,1.0,0.0,0.0,1.0,1.0,1.0,1.0,1.0,1.0,1.0,0.0,1.0,1.0,0.0,0.0,1.0,0.0,0.0,1.0,1.0,0.0,0.0,1.0,1.0,1.0,0.0,0.0,0.0,1.0,0.0,0.0,0.5,0.0,1.0,0.3333333333333333,0.3333333333333333,0.6666666666666666,0.0,0.3333333333333333,1.0,0.5,1.0,0.5,1.0,1.0,1.0,0.3333333333333333,0.0,1.0,0.6666666666666666,1.0,1.0,1.0,0.5,0.6666666666666666,1.0,0.5,0.3333333333333333,0.0,1.0,0.5,1.0,0.3333333333333333,1.0,1.0,1.0
91228,0.0,1.0,0.0,1.0,1.0,0.0,1.0,1.0,1.0,1.0,1.0,1.0,1.0,1.0,0.5,0.2,0.75,1.0,0.0,1.0,0.0,1.0,0.0,1.0,0.6,1.0,1.0,1.0,1.0,1.0,0.6,0.6,1.0,1.0,1.0,1.0,0.0,1.0,1.0,1.0,1.0,1.0,0.0,0.0,1.0,0.0,0.0,0.0,1.0,0.0,0.0,1.0,0.0,0.0,0.0,1.0,1.0,0.0,1.0,0.0,1.0,0.0,0.0,0.0,0.0,0.0,0.0,1.0,0.0,1.0,0.0,1.0,1.0,1.0,0.0,1.0,1.0,0.0,1.0,0.0,0.0,0.0,0.0,1.0,1.0,0.0,1.0,1.0,1.0,1.0,1.0,0.0,0.0,1.0,0.5,1.0,0.5,0.5,0.3333333333333333,0.3333333333333333,0.6666666666666666,0.0,0.0,1.0,0.5,0.3333333333333333,0.5,1.0,0.0,1.0,0.6666666666666666,0.0,0.5,0.0,1.0,1.0,1.0,0.0,0.6666666666666666,1.0,0.5,1.0,0.3333333333333333,0.0,1.0,1.0,1.0,1.0,0.0,0.3333333333333333
92636,1.0,1.0,1.0,1.0,0.5,0.6666666666666666,0.5,1.0,1.0,1.0,1.0,1.0,1.0,1.0,1.0,0.8,0.5,1.0,1.0,1.0,0.0,1.0,1.0,0.8,1.0,0.6,1.0,0.6,1.0,1.0,1.0,0.6,1.0,1.0,1.0,0.0,1.0,0.0,1.0,1.0,0.0,1.0,0.0,0.0,1.0,0.0,0.0,0.0,1.0,0.0,0.0,0.0,0.0,1.0,0.0,0.0,1.0,0.0,1.0,0.0,1.0,0.0,0.0,0.0,1.0,0.0,0.0,1.0,0.0,1.0,0.0,0.0,1.0,1.0,0.0,1.0,1.0,0.0,0.0,0.0,1.0,0.0,0.0,1.0,1.0,1.0,1.0,1.0,1.0,0.0,0.0,0.0,0.0,0.0,0.0,0.0,0.0,0.0,0.0,0.0,0.0,0.0,0.0,1.0,0.0,0.0,0.0,0.5,0.5,0.0,0.3333333333333333,0.3333333333333333,0.5,1.0,0.6666666666666666,1.0,1.0,0.5,0.6666666666666666,0.3333333333333333,0.5,0.0,0.6666666666666666,1.0,1.0,1.0,0.6666666666666666,1.0,1.0,0.6666666666666666
92995,1.0,1.0,1.0,0.5,0.5,0.6666666666666666,1.0,1.0,0.3333333333333333,0.5,0.5,0.6666666666666666,0.5,1.0,1.0,0.8,0.75,0.6,0.6,0.75,0.0,1.0,1.0,0.6,0.8,1.0,1.0,0.8,0.5,0.75,1.0,0.6,1.0,1.0,1.0,0.0,1.0,0.0,1.0,1.0,0.0,1.0,1.0,0.0,1.0,0.0,0.0,0.0,0.0,0.0,0.0,0.0,0.0,1.0,0.0,0.0,1.0,0.0,1.0,0.0,1.0,0.0,1.0,0.0,0.0,0.0,0.0,1.0,0.0,1.0,1.0,0.0,1.0,1.0,0.0,1.0,1.0,0.0,0.0,0.0,0.0,0.0,0.0,1.0,1.0,0.0,1.0,1.0,1.0,0.0,0.0,1.0,1.0,0.0,0.0,1.0,0.0,0.0,0.0,0.3333333333333333,0.6666666666666666,0.0,0.0,0.0,0.0,0.6666666666666666,0.5,0.5,0.0,0.5,0.3333333333333333,0.0,0.5,0.3333333333333333,1.0,0.5,0.6666666666666666,0.5,0.6666666666666666,1.0,0.5,0.3333333333333333,1.0,1.0,1.0,1.0,0.6666666666666666,0.6666666666666666,0.6666666666666666,0.3333333333333333
94296,1.0,0.6666666666666666,1.0,1.0,1.0,1.0,1.0,1.0,1.0,1.0,1.0,1.0,1.0,1.0,0.75,0.8,1.0,1.0,0.4,0.75,0.0,1.0,1.0,0.8,0.8,0.2,0.4,0.4,0.5,0.5,0.6,0.4,1.0,1.0,1.0,0.0,0.0,1.0,1.0,1.0,0.0,1.0,1.0,0.0,1.0,0.0,0.0,0.0,1.0,0.0,1.0,0.0,0.0,1.0,1.0,0.0,1.0,0.0,0.0,0.0,0.0,0.0,0.0,0.0,0.0,0.0,0.0,1.0,1.0,1.0,0.0,1.0,1.0,1.0,1.0,1.0,1.0,0.0,0.0,1.0,1.0,0.0,0.0,1.0,1.0,1.0,0.0,1.0,1.0,0.0,0.0,0.0,0.0,0.0,0.5,0.0,0.0,0.5,0.0,0.0,0.0,0.0,0.0,0.0,0.0,0.0,0.0,0.5,0.0,0.5,0.3333333333333333,0.3333333333333333,1.0,1.0,1.0,1.0,1.0,0.5,0.6666666666666666,0.6666666666666666,0.5,0.0,0.3333333333333333,1.0,1.0,0.5,0.6666666666666666,1.0,0.6666666666666666,0.6666666666666666
95096,1.0,1.0,1.0,1.0,1.0,1.0,1.0,1.0,1.0,1.0,1.0,1.0,1.0,1.0,1.0,0.8,1.0,1.0,0.8,0.75,0.2,0.6,0.8,0.8,0.6,0.8,1.0,0.6,1.0,1.0,0.8,0.8,1.0,1.0,1.0,0.0,1.0,1.0,1.0,1.0,0.0,1.0,1.0,0.0,1.0,0.0,0.0,0.0,1.0,0.0,0.0,0.0,0.0,1.0,0.0,1.0,1.0,0.0,1.0,0.0,0.0,0.0,0.0,0.0,0.0,0.0,0.0,1.0,0.0,1.0,0.0,0.0,1.0,1.0,0.0,1.0,1.0,0.0,0.0,0.0,0.0,0.0,0.0,1.0,1.0,0.0,1.0,1.0,1.0,1.0,0.0,0.0,0.0,0.0,0.0,0.0,0.0,0.0,0.0,0.0,0.0,1.0,0.0,0.0,0.0,0.0,0.0,0.0,0.0,0.0,0.0,0.0,1.0,0.6666666666666666,1.0,1.0,1.0,0.0,0.3333333333333333,0.6666666666666666,1.0,0.0,0.0,1.0,1.0,1.0,0.6666666666666666,0.6666666666666666,1.0,1.0
95271,1.0,0.6666666666666666,0.6666666666666666,1.0,1.0,0.6666666666666666,0.5,0.5,0.3333333333333333,1.0,0.5,0.3333333333333333,0.5,0.6666666666666666,0.75,0.0,0.75,0.8,0.2,0.0,0.0,0.4,0.4,0.4,0.8,0.8,0.6,0.6,0.25,0.25,0.6,0.4,1.0,0.0,1.0,0.0,1.0,1.0,1.0,1.0,0.0,1.0,0.0,0.0,1.0,0.0,0.0,0.0,1.0,0.0,0.0,0.0,0.0,0.0,0.0,0.0,1.0,0.0,1.0,1.0,0.0,0.0,0.0,0.0,1.0,0.0,0.0,1.0,0.0,0.0,0.0,1.0,1.0,0.0,0.0,1.0,1.0,0.0,0.0,1.0,1.0,1.0,0.0,1.0,1.0,0.0,0.0,0.0,1.0,1.0,0.0,0.0,0.0,0.5,1.0,0.0,0.0,0.0,0.0,0.3333333333333333,0.0,0.0,0.0,0.0,0.5,0.0,0.0,0.5,0.0,0.0,0.3333333333333333,0.3333333333333333,0.0,1.0,0.3333333333333333,0.5,0.6666666666666666,0.0,0.6666666666666666,0.6666666666666666,0.5,0.0,0.0,1.0,0.5,0.5,0.6666666666666666,1.0,1.0,1.0
96828,0.6666666666666666,1.0,0.6666666666666666,1.0,0.5,0.6666666666666666,0.5,0.5,0.3333333333333333,1.0,1.0,0.6666666666666666,0.5,0.6666666666666666,0.75,0.2,0.75,0.2,0.2,0.75,0.2,0.8,0.2,0.4,0.4,0.2,0.6,0.8,0.75,1.0,0.8,1.0,1.0,1.0,1.0,0.0,1.0,1.0,1.0,0.0,0.0,1.0,0.0,0.0,1.0,0.0,0.0,1.0,0.0,0.0,0.0,0.0,0.0,1.0,0.0,0.0,1.0,0.0,1.0,1.0,1.0,0.0,1.0,0.0,1.0,0.0,0.0,0.0,0.0,1.0,1.0,1.0,1.0,1.0,0.0,1.0,1.0,1.0,0.0,1.0,1.0,1.0,0.0,1.0,1.0,0.0,1.0,0.0,1.0,1.0,0.0,0.0,0.0,0.0,0.0,0.0,0.0,0.0,0.0,0.0,0.0,0.0,0.0,0.0,0.0,0.0,0.0,0.0,0.0,0.5,0.0,0.0,1.0,0.6666666666666666,1.0,0.5,1.0,0.5,0.3333333333333333,0.6666666666666666,1.0,0.3333333333333333,0.3333333333333333,1.0,1.0,1.0,0.6666666666666666,0.6666666666666666,0.6666666666666666,0.6666666666666666
103182,0.6666666666666666,0.6666666666666666,1.0,1.0,1.0,1.0,0.5,1.0,0.6666666666666666,1.0,1.0,1.0,0.5,1.0,0.75,0.6,0.5,1.0,0.6,1.0,0.0,0.8,0.2,0.4,0.6,0.6,1.0,0.2,0.25,0.5,0.4,1.0,1.0,1.0,1.0,1.0,1.0,0.0,1.0,1.0,0.0,1.0,1.0,0.0,1.0,1.0,0.0,0.0,1.0,0.0,1.0,0.0,0.0,1.0,1.0,1.0,1.0,0.0,1.0,0.0,0.0,0.0,0.0,0.0,0.0,0.0,0.0,1.0,0.0,1.0,0.0,1.0,1.0,1.0,0.0,1.0,1.0,0.0,0.0,0.0,1.0,0.0,0.0,0.0,1.0,0.0,1.0,0.0,1.0,0.0,0.0,1.0,1.0,0.5,0.5,0.0,0.5,0.5,0.0,0.3333333333333333,0.3333333333333333,0.0,0.3333333333333333,1.0,0.5,0.0,0.0,0.5,0.5,0.5,0.3333333333333333,0.3333333333333333,0.5,0.6666666666666666,0.6666666666666666,0.5,0.6666666666666666,0.0,0.6666666666666666,0.6666666666666666,0.5,0.0,0.3333333333333333,0.6666666666666666,0.5,0.5,0.6666666666666666,0.6666666666666666,0.3333333333333333,0.0
108060,1.0,1.0,1.0,1.0,1.0,1.0,1.0,1.0,0.6666666666666666,1.0,1.0,1.0,1.0,1.0,1.0,0.8,1.0,0.6,0.8,0.75,0.0,0.8,0.6,0.6,0.6,1.0,0.8,0.4,1.0,0.75,1.0,0.6,0.0,0.0,1.0,0.0,1.0,0.0,1.0,1.0,0.0,1.0,1.0,0.0,1.0,0.0,0.0,0.0,1.0,0.0,0.0,0.0,0.0,1.0,0.0,0.0,1.0,0.0,1.0,0.0,0.0,0.0,0.0,0.0,1.0,1.0,0.0,0.0,0.0,1.0,0.0,1.0,1.0,1.0,0.0,1.0,1.0,0.0,0.0,1.0,1.0,0.0,0.0,1.0,1.0,1.0,0.0,1.0,1.0,0.0,0.0,0.0,1.0,0.0,0.0,0.5,0.0,0.0,0.0,0.3333333333333333,0.6666666666666666,0.0,0.0,0.0,0.0,0.0,0.0,0.0,0.5,0.0,0.0,0.0,1.0,1.0,0.6666666666666666,1.0,1.0,0.5,0.3333333333333333,0.6666666666666666,1.0,0.0,0.0,1.0,1.0,1.0,0.3333333333333333,1.0,0.6666666666666666,0.6666666666666666
148299,0.6666666666666666,1.0,0.6666666666666666,0.5,1.0,0.6666666666666666,0.5,0.5,0.6666666666666666,1.0,0.5,0.6666666666666666,0.5,0.6666666666666666,1.0,0.6,0.75,0.6,0.6,1.0,0.0,1.0,1.0,0.8,0.8,0.8,0.8,0.8,1.0,1.0,1.0,0.8,1.0,1.0,1.0,0.0,1.0,0.0,1.0,1.0,0.0,1.0,1.0,0.0,1.0,1.0,0.0,0.0,1.0,0.0,0.0,0.0,0.0,1.0,0.0,1.0,1.0,0.0,1.0,0.0,0.0,0.0,0.0,0.0,0.0,0.0,0.0,1.0,0.0,0.0,1.0,1.0,1.0,1.0,0.0,1.0,1.0,0.0,0.0,0.0,1.0,0.0,0.0,1.0,1.0,0.0,1.0,1.0,1.0,0.0,0.0,1.0,1.0,0.0,0.5,0.0,0.0,0.0,0.0,0.0,0.3333333333333333,0.0,0.3333333333333333,1.0,0.5,0.3333333333333333,0.0,0.5,0.5,0.5,0.3333333333333333,0.0,1.0,1.0,1.0,1.0,1.0,0.0,0.6666666666666666,1.0,0.5,0.0,0.0,1.0,1.0,1.0,0.6666666666666666,1.0,0.6666666666666666,0.6666666666666666
173411,0.6666666666666666,1.0,1.0,0.5,0.0,0.3333333333333333,0.5,0.0,0.3333333333333333,0.5,0.5,1.0,0.5,0.6666666666666666,1.0,0.8,0.25,0.4,0.6,0.5,0.2,0.6,0.2,0.4,0.6,1.0,0.6,0.4,0.5,1.0,0.2,0.2,1.0,0.0,0.0,0.0,1.0,1.0,1.0,0.0,1.0,1.0,0.0,1.0,1.0,0.0,0.0,0.0,0.0,0.0,0.0,0.0,1.0,1.0,0.0,0.0,1.0,0.0,0.0,1.0,1.0,0.0,0.0,0.0,1.0,0.0,0.0,0.0,1.0,1.0,0.0,0.0,1.0,1.0,0.0,0.0,1.0,0.0,1.0,0.0,1.0,1.0,0.0,1.0,1.0,0.0,0.0,1.0,1.0,1.0,0.0,1.0,0.0,0.0,0.0,0.0,0.0,0.5,0.0,0.0,0.6666666666666666,0.0,0.0,1.0,0.0,0.0,0.0,0.0,0.5,0.5,0.3333333333333333,0.0,0.5,1.0,0.6666666666666666,0.5,1.0,0.0,0.6666666666666666,0.6666666666666666,0.5,0.0,0.0,0.6666666666666666,1.0,0.5,1.0,1.0,1.0,1.0
266359,1.0,1.0,1.0,1.0,1.0,1.0,1.0,0.5,1.0,1.0,1.0,1.0,1.0,0.6666666666666666,0.75,0.8,0.75,1.0,1.0,1.0,0.2,0.8,0.4,0.4,0.8,0.4,0.6,0.2,0.75,1.0,0.8,0.8,1.0,1.0,1.0,0.0,1.0,1.0,1.0,1.0,0.0,1.0,1.0,1.0,1.0,0.0,0.0,0.0,1.0,0.0,0.0,0.0,0.0,1.0,0.0,0.0,1.0,0.0,1.0,0.0,0.0,0.0,0.0,0.0,0.0,0.0,0.0,1.0,0.0,1.0,1.0,1.0,1.0,1.0,0.0,1.0,1.0,0.0,0.0,0.0,0.0,0.0,0.0,1.0,1.0,0.0,1.0,1.0,1.0,0.0,0.0,1.0,1.0,0.0,0.0,0.0,0.0,0.0,0.0,0.3333333333333333,0.3333333333333333,0.0,0.0,0.0,0.0,0.0,0.0,0.5,0.0,0.0,0.0,0.0,1.0,1.0,1.0,1.0,1.0,0.0,1.0,1.0,1.0,0.0,0.3333333333333333,1.0,1.0,1.0,1.0,1.0,1.0,1.0
275201,0.6666666666666666,1.0,0.6666666666666666,1.0,1.0,1.0,0.5,0.5,0.6666666666666666,1.0,1.0,1.0,1.0,0.6666666666666666,0.75,1.0,0.75,1.0,1.0,1.0,0.2,0.8,0.0,0.8,0.6,0.4,1.0,0.6,0.75,0.75,0.8,0.6,0.0,1.0,1.0,0.0,1.0,1.0,1.0,1.0,0.0,1.0,1.0,0.0,1.0,0.0,0.0,0.0,1.0,0.0,1.0,0.0,0.0,1.0,0.0,0.0,1.0,0.0,1.0,0.0,0.0,0.0,0.0,0.0,0.0,0.0,0.0,1.0,0.0,1.0,1.0,0.0,1.0,1.0,0.0,1.0,1.0,0.0,0.0,0.0,1.0,1.0,0.0,1.0,0.0,0.0,1.0,1.0,1.0,0.0,0.0,0.0,0.0,0.0,0.0,0.0,0.0,0.0,0.0,0.0,0.0,0.0,0.0,0.0,0.0,0.0,0.0,0.5,0.0,0.0,0.0,0.0,0.5,1.0,0.6666666666666666,0.5,0.6666666666666666,0.0,0.3333333333333333,1.0,0.5,0.0,0.3333333333333333,1.0,1.0,0.5,0.6666666666666666,1.0,0.6666666666666666,0.6666666666666666
285249,0.6666666666666666,1.0,1.0,1.0,1.0,1.0,1.0,1.0,0.6666666666666666,1.0,1.0,1.0,1.0,1.0,0.75,1.0,1.0,1.0,1.0,1.0,0.4,0.8,0.4,0.6,0.0,1.0,1.0,0.6,1.0,1.0,0.4,0.4,1.0,1.0,1.0,0.0,1.0,0.0,1.0,0.0,0.0,1.0,1.0,0.0,1.0,1.0,0.0,0.0,1.0,0.0,0.0,0.0,0.0,1.0,0.0,0.0,1.0,1.0,1.0,0.0,0.0,0.0,0.0,0.0,0.0,0.0,0.0,1.0,0.0,1.0,1.0,1.0,1.0,1.0,0.0,1.0,1.0,0.0,0.0,0.0,0.0,0.0,0.0,1.0,1.0,0.0,0.0,1.0,1.0,0.0,0.0,1.0,1.0,0.0,0.0,0.0,0.5,0.0,0.0,0.0,0.0,0.0,0.0,0.0,0.5,0.0,0.0,0.0,0.0,0.0,0.0,0.3333333333333333,0.5,0.3333333333333333,1.0,1.0,1.0,0.5,1.0,1.0,1.0,0.0,0.0,1.0,0.5,1.0,1.0,1.0,0.6666666666666666,0.6666666666666666
288175,0.6666666666666666,1.0,1.0,0.5,1.0,0.6666666666666666,0.5,1.0,0.6666666666666666,1.0,1.0,0.6666666666666666,1.0,1.0,1.0,0.6,0.25,1.0,0.0,0.75,0.6,1.0,1.0,0.8,1.0,1.0,1.0,0.4,0.5,0.5,0.6,0.8,1.0,1.0,1.0,0.0,1.0,1.0,1.0,0.0,0.0,1.0,1.0,0.0,1.0,1.0,0.0,0.0,1.0,0.0,1.0,0.0,0.0,1.0,0.0,0.0,1.0,0.0,1.0,0.0,0.0,0.0,0.0,0.0,0.0,0.0,0.0,1.0,0.0,0.0,0.0,0.0,1.0,1.0,0.0,0.0,0.0,0.0,0.0,1.0,1.0,0.0,0.0,1.0,0.0,0.0,1.0,1.0,0.0,1.0,0.0,0.0,0.0,0.5,0.5,1.0,1.0,0.5,0.0,1.0,0.3333333333333333,1.0,0.3333333333333333,0.0,0.5,1.0,0.5,0.5,0.5,0.0,0.6666666666666666,0.6666666666666666,0.5,1.0,1.0,0.5,1.0,0.0,0.3333333333333333,1.0,0.0,0.0,0.0,0.3333333333333333,0.5,1.0,0.3333333333333333,1.0,1.0,0.6666666666666666
292547,1.0,0.6666666666666666,1.0,1.0,1.0,1.0,1.0,0.5,0.6666666666666666,1.0,1.0,1.0,0.5,1.0,1.0,1.0,1.0,1.0,0.4,0.75,0.0,1.0,1.0,0.6,1.0,0.2,1.0,0.8,0.75,1.0,1.0,0.6,1.0,1.0,1.0,0.0,1.0,0.0,1.0,1.0,1.0,1.0,1.0,0.0,1.0,0.0,0.0,0.0,1.0,0.0,0.0,0.0,0.0,1.0,0.0,0.0,1.0,0.0,1.0,0.0,0.0,0.0,0.0,0.0,0.0,0.0,0.0,1.0,0.0,1.0,1.0,1.0,1.0,1.0,0.0,1.0,1.0,0.0,0.0,1.0,1.0,0.0,0.0,1.0,1.0,0.0,1.0,1.0,1.0,0.0,0.0,0.0,1.0,0.0,0.0,0.0,0.0,0.0,0.0,0.0,0.3333333333333333,0.0,0.0,0.0,0.0,0.3333333333333333,0.0,0.0,0.0,0.0,0.0,0.3333333333333333,1.0,0.6666666666666666,0.6666666666666666,1.0,1.0,0.0,1.0,0.6666666666666666,1.0,0.0,1.0,1.0,0.5,1.0,1.0,1.0,1.0,0.6666666666666666
313709,0.6666666666666666,0.6666666666666666,1.0,1.0,0.0,0.6666666666666666,0.5,1.0,0.6666666666666666,1.0,0.5,1.0,1.0,1.0,1.0,0.4,0.75,1.0,0.4,0.75,0.0,0.8,1.0,0.8,1.0,0.2,0.8,0.8,0.75,1.0,0.8,0.8,1.0,1.0,1.0,0.0,1.0,0.0,1.0,1.0,1.0,1.0,0.0,1.0,1.0,0.0,1.0,0.0,1.0,0.0,1.0,1.0,1.0,0.0,1.0,0.0,1.0,0.0,1.0,1.0,0.0,1.0,0.0,0.0,1.0,0.0,0.0,1.0,1.0,1.0,0.0,1.0,1.0,1.0,0.0,1.0,1.0,0.0,0.0,1.0,1.0,1.0,0.0,1.0,1.0,0.0,0.0,0.0,1.0,0.0,1.0,0.0,0.0,0.5,0.0,1.0,0.0,0.5,1.0,0.0,0.0,1.0,0.3333333333333333,1.0,0.5,0.0,0.0,0.5,0.5,1.0,0.3333333333333333,0.0,0.0,0.3333333333333333,0.6666666666666666,0.5,0.6666666666666666,0.0,0.6666666666666666,1.0,0.5,0.0,0.0,0.6666666666666666,0.5,1.0,0.6666666666666666,0.6666666666666666,0.6666666666666666,0.6666666666666666
321170,1.0,1.0,0.6666666666666666,0.5,0.5,0.6666666666666666,0.5,0.5,0.3333333333333333,0.5,0.5,1.0,0.5,0.6666666666666666,0.75,0.6,0.5,0.8,0.8,0.75,0.0,1.0,0.4,0.6,0.6,0.6,0.8,0.4,0.5,0.75,0.6,0.0,1.0,0.0,1.0,0.0,1.0,0.0,1.0,1.0,0.0,1.0,1.0,0.0,0.0,0.0,0.0,0.0,1.0,0.0,0.0,0.0,0.0,1.0,0.0,1.0,1.0,0.0,1.0,1.0,0.0,0.0,0.0,0.0,0.0,0.0,0.0,1.0,1.0,1.0,0.0,1.0,1.0,1.0,0.0,1.0,1.0,0.0,0.0,0.0,0.0,0.0,0.0,1.0,1.0,1.0,1.0,1.0,1.0,1.0,0.0,0.0,0.0,0.5,0.0,0.5,0.0,0.5,0.0,0.3333333333333333,0.6666666666666666,0.0,0.0,0.0,0.0,1.0,0.0,0.5,0.0,1.0,0.0,1.0,1.0,0.6666666666666666,0.6666666666666666,1.0,1.0,0.0,0.6666666666666666,0.6666666666666666,0.5,0.0,0.0,1.0,1.0,1.0,0.3333333333333333,1.0,0.6666666666666666,1.0
334015,0.6666666666666666,0.6666666666666666,0.6666666666666666,0.5,0.5,0.6666666666666666,0.5,0.5,0.6666666666666666,0.5,1.0,0.6666666666666666,1.0,1.0,1.0,1.0,0.25,1.0,0.6,0.5,0.0,0.8,1.0,0.8,0.6,0.2,0.6,0.6,0.75,0.5,0.6,0.8,1.0,1.0,1.0,0.0,1.0,0.0,1.0,1.0,0.0,1.0,0.0,0.0,1.0,0.0,0.0,0.0,1.0,0.0,0.0,0.0,0.0,1.0,0.0,0.0,1.0,0.0,1.0,0.0,1.0,0.0,0.0,0.0,0.0,0.0,0.0,1.0,0.0,1.0,1.0,1.0,1.0,1.0,0.0,1.0,1.0,0.0,0.0,0.0,1.0,0.0,0.0,1.0,1.0,0.0,1.0,0.0,1.0,0.0,0.0,1.0,1.0,0.5,0.5,0.0,0.5,0.5,0.0,0.3333333333333333,0.3333333333333333,0.0,0.3333333333333333,1.0,0.0,0.0,0.5,0.5,1.0,0.0,0.3333333333333333,0.3333333333333333,0.5,1.0,0.6666666666666666,1.0,1.0,0.0,0.6666666666666666,0.6666666666666666,0.0,0.0,0.3333333333333333,1.0,1.0,1.0,0.6666666666666666,1.0,1.0,0.6666666666666666
394532,1.0,1.0,1.0,1.0,1.0,1.0,1.0,0.5,0.6666666666666666,1.0,1.0,1.0,1.0,0.6666666666666666,1.0,1.0,1.0,1.0,1.0,1.0,0.0,1.0,1.0,0.8,0.6,0.0,1.0,0.4,1.0,1.0,1.0,1.0,1.0,1.0,1.0,0.0,1.0,0.0,1.0,1.0,0.0,1.0,1.0,1.0,1.0,1.0,0.0,0.0,1.0,0.0,0.0,0.0,0.0,1.0,0.0,0.0,1.0,0.0,1.0,0.0,0.0,0.0,0.0,0.0,0.0,1.0,0.0,1.0,1.0,1.0,1.0,1.0,1.0,1.0,0.0,1.0,1.0,0.0,0.0,0.0,0.0,0.0,0.0,1.0,1.0,0.0,1.0,1.0,1.0,0.0,0.0,0.0,1.0,0.0,0.0,0.0,0.0,0.0,0.0,0.0,0.3333333333333333,0.0,0.0,1.0,0.0,0.0,0.0,0.0,0.0,0.0,0.0,0.0,1.0,0.6666666666666666,1.0,1.0,0.6666666666666666,0.0,0.6666666666666666,1.0,1.0,0.0,0.0,1.0,1.0,1.0,1.0,1.0,0.6666666666666666,0.6666666666666666
402294,1.0,1.0,1.0,1.0,1.0,1.0,1.0,1.0,0.6666666666666666,1.0,1.0,1.0,1.0,1.0,1.0,0.6,0.5,0.8,0.4,1.0,0.2,1.0,1.0,1.0,0.8,1.0,1.0,0.8,1.0,1.0,0.8,1.0,1.0,1.0,1.0,0.0,1.0,1.0,1.0,1.0,0.0,1.0,1.0,1.0,1.0,0.0,0.0,0.0,1.0,0.0,0.0,0.0,0.0,1.0,1.0,1.0,1.0,0.0,1.0,0.0,0.0,0.0,0.0,1.0,0.0,0.0,1.0,1.0,1.0,1.0,1.0,1.0,1.0,1.0,0.0,1.0,1.0,0.0,0.0,0.0,0.0,0.0,0.0,1.0,1.0,0.0,1.0,1.0,1.0,1.0,0.0,1.0,0.0,0.0,0.0,0.0,0.0,0.0,0.0,0.0,0.0,0.0,0.0,0.0,0.0,0.0,0.0,0.5,0.0,0.5,0.0,0.0,1.0,0.6666666666666666,0.6666666666666666,1.0,1.0,0.0,0.6666666666666666,1.0,1.0,0.0,0.6666666666666666,1.0,1.0,1.0,1.0,1.0,1.0,0.6666666666666666
415421,0.6666666666666666,1.0,1.0,1.0,1.0,1.0,0.5,0.5,1.0,1.0,1.0,1.0,0.5,1.0,1.0,1.0,1.0,1.0,0.6,1.0,0.4,0.8,1.0,1.0,0.2,0.2,1.0,1.0,1.0,1.0,0.8,0.2,1.0,1.0,1.0,0.0,1.0,0.0,1.0,1.0,0.0,1.0,1.0,0.0,0.0,0.0,0.0,0.0,1.0,0.0,1.0,0.0,1.0,1.0,0.0,1.0,1.0,0.0,0.0,0.0,0.0,1.0,0.0,0.0,1.0,0.0,0.0,1.0,0.0,1.0,0.0,0.0,1.0,1.0,0.0,1.0,1.0,0.0,0.0,0.0,0.0,0.0,0.0,1.0,1.0,0.0,0.0,1.0,1.0,0.0,0.0,0.0,1.0,0.5,0.0,0.0,0.0,0.5,0.0,0.0,0.0,0.0,0.0,1.0,0.0,0.0,0.0,0.0,0.0,0.5,0.0,0.0,1.0,0.3333333333333333,1.0,1.0,1.0,0.0,1.0,1.0,1.0,0.0,0.0,0.6666666666666666,0.0,1.0,0.3333333333333333,1.0,1.0,1.0
428044,0.6666666666666666,1.0,1.0,1.0,1.0,1.0,1.0,1.0,0.6666666666666666,0.5,1.0,1.0,1.0,1.0,0.75,0.4,0.75,0.4,0.4,0.75,0.4,0.6,0.2,0.4,0.4,0.2,0.8,0.2,0.5,0.75,0.8,0.2,1.0,1.0,0.0,0.0,1.0,1.0,0.0,1.0,0.0,1.0,1.0,1.0,1.0,0.0,0.0,0.0,1.0,0.0,0.0,0.0,0.0,1.0,0.0,0.0,1.0,0.0,1.0,0.0,0.0,0.0,0.0,1.0,0.0,0.0,0.0,1.0,1.0,0.0,1.0,0.0,1.0,1.0,0.0,1.0,1.0,0.0,0.0,0.0,1.0,0.0,0.0,1.0,1.0,0.0,1.0,1.0,1.0,1.0,0.0,0.0,1.0,0.0,0.0,0.0,0.0,0.0,0.0,0.0,0.3333333333333333,0.0,0.0,1.0,0.5,0.0,0.0,0.0,0.0,0.0,0.3333333333333333,0.0,0.0,0.6666666666666666,0.6666666666666666,0.5,0.6666666666666666,0.0,0.6666666666666666,0.6666666666666666,0.5,0.0,0.3333333333333333,1.0,0.5,1.0,0.6666666666666666,0.6666666666666666,0.6666666666666666,0.6666666666666666
442801,0.6666666666666666,1.0,1.0,1.0,1.0,1.0,1.0,1.0,1.0,1.0,0.5,0.6666666666666666,1.0,1.0,1.0,1.0,1.0,1.0,1.0,0.75,0.0,1.0,1.0,0.8,0.8,1.0,1.0,1.0,1.0,1.0,1.0,1.0,1.0,1.0,1.0,0.0,1.0,0.0,1.0,1.0,0.0,1.0,1.0,0.0,1.0,1.0,0.0,0.0,1.0,0.0,0.0,0.0,0.0,1.0,0.0,0.0,1.0,0.0,1.0,0.0,0.0,0.0,1.0,0.0,0.0,0.0,0.0,1.0,0.0,1.0,1.0,1.0,1.0,1.0,0.0,1.0,1.0,0.0,0.0,0.0,0.0,0.0,0.0,1.0,1.0,0.0,1.0,1.0,1.0,0.0,0.0,1.0,1.0,0.0,0.0,0.5,0.0,0.5,0.0,0.0,0.0,0.0,0.0,0.0,0.0,0.0,0.0,0.0,0.0,0.0,0.0,0.0,1.0,0.6666666666666666,1.0,1.0,1.0,0.5,0.6666666666666666,1.0,1.0,0.0,0.0,1.0,1.0,1.0,1.0,1.0,1.0,0.6666666666666666
489565,0.6666666666666666,1.0,0.6666666666666666,1.0,0.5,0.6666666666666666,1.0,0.5,0.0,0.5,0.5,0.6666666666666666,1.0,1.0,1.0,0.2,1.0,0.6,0.6,0.5,0.0,0.6,1.0,1.0,0.2,0.6,1.0,0.2,0.75,1.0,0.8,0.2,1.0,1.0,1.0,0.0,1.0,0.0,1.0,0.0,1.0,1.0,1.0,0.0,1.0,1.0,0.0,0.0,1.0,1.0,0.0,0.0,0.0,1.0,1.0,0.0,1.0,0.0,1.0,1.0,1.0,0.0,1.0,0.0,1.0,1.0,0.0,1.0,0.0,0.0,0.0,0.0,1.0,1.0,0.0,1.0,1.0,0.0,0.0,0.0,1.0,1.0,0.0,1.0,1.0,1.0,1.0,1.0,0.0,0.0,0.0,0.0,0.0,0.0,1.0,0.0,0.0,0.0,0.0,0.3333333333333333,0.3333333333333333,0.0,0.0,1.0,0.5,0.3333333333333333,0.0,0.5,0.0,0.0,0.3333333333333333,0.3333333333333333,0.5,1.0,0.6666666666666666,0.0,0.0,0.0,0.3333333333333333,0.6666666666666666,0.5,0.0,0.0,1.0,1.0,1.0,0.6666666666666666,1.0,0.6666666666666666,0.6666666666666666
495003,1.0,1.0,1.0,1.0,0.5,1.0,1.0,1.0,1.0,1.0,1.0,1.0,1.0,0.6666666666666666,0.75,1.0,0.75,1.0,0.8,0.75,0.2,0.2,0.0,0.2,0.8,0.4,0.8,0.6,0.0,0.5,0.6,0.6,1.0,1.0,1.0,1.0,1.0,1.0,0.0,1.0,1.0,1.0,1.0,1.0,1.0,0.0,0.0,0.0,1.0,0.0,1.0,1.0,1.0,1.0,0.0,0.0,1.0,0.0,0.0,0.0,0.0,0.0,0.0,0.0,0.0,1.0,0.0,0.0,1.0,0.0,1.0,0.0,0.0,1.0,0.0,0.0,0.0,0.0,0.0,0.0,1.0,1.0,1.0,1.0,0.0,0.0,0.0,1.0,1.0,1.0,1.0,1.0,0.0,0.0,0.0,0.0,0.5,0.0,0.0,0.0,0.3333333333333333,1.0,0.0,0.0,0.5,0.0,0.0,0.0,0.0,0.0,0.0,0.3333333333333333,0.0,0.6666666666666666,1.0,0.5,0.6666666666666666,0.0,1.0,1.0,1.0,0.0,0.3333333333333333,1.0,0.5,1.0,1.0,1.0,1.0,1.0
537124,1.0,0.6666666666666666,0.6666666666666666,1.0,1.0,0.6666666666666666,1.0,1.0,0.6666666666666666,0.5,0.5,0.6666666666666666,0.5,0.6666666666666666,1.0,0.8,1.0,1.0,0.6,1.0,0.0,0.6,1.0,0.8,0.6,0.8,0.6,0.6,1.0,1.0,0.8,0.8,1.0,0.0,1.0,0.0,1.0,0.0,1.0,0.0,0.0,1.0,1.0,1.0,1.0,0.0,0.0,0.0,1.0,0.0,0.0,0.0,0.0,1.0,0.0,0.0,1.0,0.0,1.0,0.0,0.0,0.0,0.0,0.0,0.0,0.0,0.0,1.0,0.0,1.0,0.0,1.0,1.0,1.0,0.0,1.0,1.0,0.0,0.0,0.0,1.0,0.0,0.0,1.0,1.0,0.0,0.0,1.0,1.0,0.0,0.0,0.0,0.0,0.5,0.0,0.0,0.0,0.5,0.0,0.0,0.3333333333333333,0.0,0.0,1.0,0.0,0.3333333333333333,0.0,0.5,0.0,0.0,0.0,0.0,1.0,0.6666666666666666,0.6666666666666666,0.5,1.0,0.0,0.6666666666666666,1.0,0.5,0.3333333333333333,0.3333333333333333,1.0,1.0,1.0,0.6666666666666666,1.0,0.6666666666666666,0.6666666666666666
543431,1.0,1.0,0.6666666666666666,1.0,1.0,0.6666666666666666,1.0,1.0,0.6666666666666666,1.0,0.5,0.6666666666666666,1.0,1.0,1.0,0.8,0.75,0.8,0.8,0.25,0.2,1.0,1.0,0.8,1.0,0.4,0.6,0.2,0.75,0.75,0.8,1.0,1.0,1.0,1.0,0.0,1.0,1.0,1.0,1.0,1.0,1.0,1.0,0.0,0.0,0.0,0.0,0.0,0.0,0.0,0.0,0.0,0.0,1.0,1.0,1.0,1.0,0.0,1.0,0.0,0.0,0.0,0.0,0.0,0.0,0.0,0.0,1.0,0.0,1.0,1.0,1.0,1.0,1.0,0.0,1.0,1.0,1.0,0.0,0.0,1.0,0.0,0.0,1.0,1.0,0.0,1.0,1.0,1.0,0.0,0.0,0.0,0.0,0.0,0.0,0.0,0.0,0.0,0.0,0.3333333333333333,0.6666666666666666,0.0,0.0,0.0,0.0,1.0,0.5,0.5,0.5,0.0,0.3333333333333333,1.0,1.0,0.6666666666666666,0.3333333333333333,1.0,0.6666666666666666,0.0,0.3333333333333333,0.6666666666666666,1.0,0.0,0.6666666666666666,1.0,1.0,1.0,0.3333333333333333,1.0,0.6666666666666666,0.6666666666666666
557078,1.0,1.0,1.0,1.0,1.0,1.0,1.0,1.0,0.6666666666666666,1.0,1.0,1.0,1.0,1.0,1.0,1.0,0.75,1.0,0.6,0.5,0.0,1.0,0.8,1.0,0.8,1.0,1.0,0.8,1.0,1.0,1.0,0.8,1.0,1.0,1.0,0.0,1.0,0.0,1.0,1.0,0.0,1.0,1.0,1.0,1.0,0.0,0.0,0.0,1.0,0.0,0.0,0.0,0.0,1.0,1.0,0.0,1.0,0.0,1.0,0.0,0.0,0.0,0.0,0.0,0.0,0.0,0.0,1.0,0.0,1.0,1.0,1.0,1.0,1.0,0.0,1.0,1.0,0.0,0.0,0.0,0.0,0.0,0.0,0.0,1.0,0.0,1.0,1.0,1.0,0.0,0.0,1.0,0.0,0.0,0.0,0.0,0.0,0.0,0.0,0.0,0.0,0.0,0.0,0.0,0.0,0.0,0.0,0.0,0.0,0.0,0.3333333333333333,0.0,1.0,0.3333333333333333,0.6666666666666666,1.0,1.0,0.0,0.6666666666666666,0.6666666666666666,1.0,0.0,0.0,1.0,1.0,1.0,1.0,0.3333333333333333,1.0,1.0
590197,0.6666666666666666,1.0,0.6666666666666666,0.5,0.5,0.6666666666666666,0.5,0.5,0.6666666666666666,0.5,1.0,0.6666666666666666,0.5,0.3333333333333333,0.75,0.6,0.25,1.0,0.6,0.5,0.2,0.8,0.8,0.6,0.2,0.8,0.6,0.0,0.75,0.5,0.2,0.6,0.0,0.0,1.0,0.0,1.0,1.0,1.0,1.0,0.0,1.0,1.0,0.0,1.0,0.0,0.0,0.0,0.0,0.0,0.0,0.0,0.0,1.0,0.0,0.0,1.0,1.0,1.0,0.0,0.0,0.0,0.0,0.0,0.0,0.0,0.0,1.0,0.0,1.0,0.0,0.0,0.0,1.0,0.0,1.0,1.0,0.0,1.0,0.0,1.0,0.0,0.0,0.0,1.0,0.0,1.0,1.0,1.0,1.0,0.0,0.0,0.0,0.0,0.5,0.5,0.5,0.5,0.6666666666666666,0.3333333333333333,0.0,0.0,0.3333333333333333,0.0,0.0,0.0,1.0,0.5,0.0,0.0,0.3333333333333333,0.0,1.0,1.0,0.6666666666666666,0.5,1.0,0.0,0.6666666666666666,1.0,0.5,0.0,0.3333333333333333,1.0,1.0,1.0,0.6666666666666666,1.0,0.6666666666666666,0.6666666666666666
622349,1.0,1.0,1.0,1.0,1.0,1.0,1.0,0.5,0.6666666666666666,1.0,1.0,1.0,1.0,1.0,1.0,1.0,1.0,1.0,1.0,0.5,0.0,1.0,1.0,1.0,0.0,0.6,0.0,1.0,0.0,1.0,0.4,1.0,1.0,1.0,1.0,0.0,1.0,0.0,1.0,1.0,0.0,1.0,0.0,0.0,1.0,0.0,0.0,0.0,0.0,0.0,0.0,0.0,0.0,1.0,0.0,0.0,1.0,1.0,1.0,0.0,0.0,0.0,0.0,0.0,1.0,1.0,0.0,1.0,0.0,1.0,0.0,1.0,1.0,1.0,0.0,1.0,1.0,0.0,0.0,0.0,0.0,0.0,0.0,1.0,1.0,0.0,0.0,1.0,1.0,0.0,0.0,1.0,0.0,0.0,0.0,0.0,0.0,0.0,0.0,0.0,0.6666666666666666,0.0,0.0,0.0,0.0,1.0,0.0,0.0,0.0,0.0,0.0,0.0,1.0,0.6666666666666666,0.6666666666666666,1.0,1.0,0.0,1.0,0.3333333333333333,0.5,0.0,0.0,1.0,1.0,1.0,1.0,0.6666666666666666,0.6666666666666666,1.0
635722,0.6666666666666666,1.0,1.0,1.0,1.0,0.6666666666666666,1.0,0.5,1.0,1.0,1.0,1.0,1.0,0.6666666666666666,0.5,1.0,1.0,1.0,1.0,0.75,0.2,1.0,0.8,0.6,0.0,0.6,1.0,0.0,0.5,0.75,0.4,0.0,1.0,1.0,1.0,0.0,1.0,0.0,1.0,0.0,0.0,1.0,1.0,1.0,1.0,1.0,0.0,0.0,1.0,0.0,0.0,1.0,0.0,1.0,0.0,1.0,1.0,0.0,0.0,0.0,0.0,0.0,0.0,1.0,0.0,0.0,0.0,1.0,1.0,1.0,1.0,0.0,1.0,1.0,0.0,1.0,1.0,0.0,0.0,0.0,0.0,0.0,0.0,0.0,1.0,0.0,1.0,1.0,1.0,0.0,0.0,1.0,1.0,0.0,0.0,0.0,0.0,0.0,0.0,0.0,0.6666666666666666,1.0,1.0,1.0,0.5,0.0,0.0,0.0,0.5,0.5,0.0,0.6666666666666666,1.0,0.6666666666666666,0.6666666666666666,1.0,1.0,0.5,0.3333333333333333,0.6666666666666666,1.0,0.0,0.3333333333333333,1.0,1.0,1.0,0.6666666666666666,0.6666666666666666,0.6666666666666666,0.6666666666666666
646036,1.0,1.0,0.6666666666666666,0.5,0.5,0.6666666666666666,0.5,0.5,0.6666666666666666,0.5,0.5,0.6666666666666666,0.5,0.6666666666666666,0.75,0.2,0.75,0.2,0.6,0.0,0.4,0.8,0.2,0.8,0.6,0.8,0.4,0.2,0.75,0.25,0.8,0.2,1.0,1.0,0.0,1.0,1.0,0.0,1.0,1.0,0.0,1.0,0.0,1.0,0.0,0.0,0.0,0.0,0.0,0.0,0.0,0.0,0.0,1.0,0.0,0.0,1.0,0.0,1.0,1.0,1.0,0.0,0.0,1.0,1.0,0.0,0.0,1.0,1.0,0.0,0.0,1.0,1.0,1.0,0.0,1.0,1.0,0.0,0.0,1.0,1.0,1.0,0.0,1.0,1.0,1.0,1.0,1.0,1.0,0.0,0.0,0.0,0.0,0.5,0.5,0.0,0.5,0.0,0.0,0.3333333333333333,0.3333333333333333,0.0,1.0,1.0,0.0,1.0,0.0,0.5,0.0,1.0,0.3333333333333333,0.0,0.5,0.3333333333333333,0.6666666666666666,1.0,1.0,0.0,0.0,1.0,1.0,0.3333333333333333,0.0,1.0,1.0,1.0,0.6666666666666666,1.0,0.3333333333333333,0.3333333333333333
651255,0.6666666666666666,0.6666666666666666,0.6666666666666666,1.0,0.5,0.6666666666666666,0.5,1.0,1.0,0.5,0.0,0.6666666666666666,0.5,1.0,0.5,0.4,0.25,0.6,0.2,0.0,0.2,0.8,0.4,0.0,0.6,0.2,0.8,0.4,0.75,0.75,0.2,0.2,0.0,1.0,0.0,0.0,1.0,1.0,0.0,1.0,0.0,1.0,1.0,0.0,0.0,0.0,0.0,0.0,1.0,1.0,1.0,0.0,0.0,1.0,0.0,1.0,0.0,0.0,1.0,1.0,0.0,0.0,0.0,0.0,1.0,0.0,1.0,1.0,1.0,0.0,1.0,0.0,1.0,1.0,0.0,1.0,0.0,0.0,1.0,0.0,1.0,0.0,0.0,1.0,1.0,0.0,1.0,1.0,0.0,1.0,1.0,1.0,0.0,1.0,0.5,0.5,0.5,1.0,0.6666666666666666,0.6666666666666666,1.0,1.0,0.3333333333333333,1.0,0.5,0.3333333333333333,1.0,1.0,0.5,0.5,0.3333333333333333,0.0,0.5,1.0,1.0,1.0,1.0,0.5,1.0,0.6666666666666666,0.5,0.0,0.0,0.3333333333333333,0.0,0.5,0.6666666666666666,1.0,0.6666666666666666,0.6666666666666666
654559,0.6666666666666666,0.6666666666666666,0.6666666666666666,0.5,0.5,0.6666666666666666,0.5,1.0,0.6666666666666666,0.5,0.5,0.6666666666666666,0.5,1.0,1.0,0.6,0.25,0.4,0.4,0.5,0.2,0.8,0.6,0.4,0.6,0.6,0.6,0.4,0.75,0.5,0.6,0.6,1.0,1.0,0.0,0.0,1.0,0.0,0.0,1.0,1.0,1.0,1.0,0.0,0.0,0.0,0.0,0.0,1.0,0.0,0.0,0.0,0.0,1.0,0.0,1.0,1.0,0.0,1.0,0.0,1.0,1.0,0.0,0.0,0.0,0.0,1.0,1.0,0.0,0.0,0.0,0.0,1.0,1.0,0.0,1.0,1.0,0.0,0.0,0.0,0.0,0.0,0.0,1.0,1.0,0.0,1.0,1.0,1.0,0.0,0.0,1.0,1.0,0.5,0.5,0.5,0.5,0.5,1.0,0.3333333333333333,1.0,0.0,0.3333333333333333,1.0,0.5,0.3333333333333333,0.5,1.0,0.5,1.0,0.3333333333333333,0.6666666666666666,0.0,0.0,0.3333333333333333,0.5,0.6666666666666666,0.5,0.3333333333333333,0.6666666666666666,0.0,0.3333333333333333,0.0,0.6666666666666666,1.0,1.0,0.6666666666666666,0.3333333333333333,0.6666666666666666,0.3333333333333333
669544,0.6666666666666666,0.6666666666666666,0.6666666666666666,0.5,1.0,0.6666666666666666,0.5,1.0,0.6666666666666666,0.5,0.5,0.6666666666666666,0.5,0.6666666666666666,0.75,0.4,0.5,0.2,0.4,0.25,0.2,0.8,0.6,0.4,0.0,0.8,0.8,0.2,0.75,0.5,0.6,0.4,1.0,1.0,1.0,0.0,1.0,0.0,1.0,1.0,1.0,1.0,1.0,0.0,1.0,1.0,0.0,1.0,0.0,0.0,0.0,0.0,0.0,1.0,1.0,1.0,1.0,0.0,1.0,0.0,0.0,0.0,0.0,0.0,0.0,0.0,0.0,1.0,0.0,1.0,1.0,0.0,0.0,1.0,0.0,1.0,1.0,0.0,0.0,0.0,1.0,0.0,0.0,0.0,1.0,1.0,1.0,1.0,1.0,0.0,0.0,1.0,1.0,0.0,0.5,0.5,0.5,0.5,0.3333333333333333,0.0,0.3333333333333333,0.0,0.0,1.0,0.0,0.6666666666666666,0.0,0.5,0.5,0.0,0.3333333333333333,0.0,0.5,0.3333333333333333,0.6666666666666666,0.5,0.6666666666666666,0.5,0.3333333333333333,1.0,0.5,0.0,0.3333333333333333,1.0,1.0,1.0,0.6666666666666666,0.6666666666666666,0.3333333333333333,0.6666666666666666
694477,0.6666666666666666,1.0,1.0,0.5,0.5,0.6666666666666666,1.0,0.5,0.3333333333333333,0.0,0.5,0.6666666666666666,0.5,0.6666666666666666,0.75,0.2,0.5,0.2,0.8,0.5,0.8,0.4,1.0,0.4,0.0,0.4,0.2,0.4,0.5,0.25,0.6,0.2,1.0,0.0,0.0,0.0,0.0,1.0,1.0,1.0,0.0,1.0,0.0,0.0,1.0,1.0,0.0,0.0,1.0,1.0,0.0,0.0,0.0,1.0,1.0,0.0,0.0,1.0,1.0,0.0,1.0,0.0,0.0,1.0,1.0,1.0,0.0,1.0,1.0,1.0,0.0,0.0,1.0,0.0,0.0,1.0,1.0,0.0,0.0,1.0,1.0,1.0,0.0,1.0,1.0,1.0,0.0,1.0,1.0,1.0,1.0,0.0,0.0,0.5,0.5,0.5,0.0,0.5,0.0,0.0,0.0,1.0,0.0,1.0,1.0,0.3333333333333333,0.0,0.5,0.5,1.0,0.6666666666666666,0.0,1.0,0.3333333333333333,0.6666666666666666,0.5,0.6666666666666666,0.5,0.3333333333333333,0.3333333333333333,0.5,0.0,1.0,1.0,0.5,0.5,0.6666666666666666,0.6666666666666666,0.3333333333333333,0.3333333333333333
708380,1.0,0.6666666666666666,0.6666666666666666,1.0,1.0,1.0,1.0,1.0,1.0,1.0,1.0,1.0,1.0,1.0,1.0,0.8,0.75,1.0,0.8,0.75,0.2,0.6,0.6,0.8,0.8,0.4,0.6,0.6,0.75,1.0,0.8,0.6,1.0,1.0,1.0,0.0,1.0,1.0,1.0,1.0,0.0,1.0,1.0,0.0,1.0,0.0,0.0,0.0,1.0,0.0,0.0,0.0,0.0,1.0,1.0,0.0,1.0,0.0,1.0,1.0,1.0,0.0,0.0,0.0,1.0,1.0,0.0,1.0,0.0,1.0,1.0,1.0,1.0,1.0,0.0,1.0,1.0,1.0,0.0,0.0,0.0,1.0,0.0,1.0,1.0,0.0,0.0,1.0,0.0,1.0,0.0,1.0,1.0,0.0,0.5,0.0,0.0,0.0,0.0,0.0,0.3333333333333333,0.0,0.0,0.0,0.0,0.0,0.0,0.5,0.0,0.0,0.3333333333333333,0.0,1.0,1.0,1.0,1.0,1.0,0.0,0.6666666666666666,1.0,0.5,0.0,0.0,1.0,0.5,1.0,1.0,0.6666666666666666,1.0,1.0
728471,0.6666666666666666,1.0,0.6666666666666666,0.5,0.5,0.6666666666666666,0.5,0.5,0.6666666666666666,0.5,0.5,0.6666666666666666,0.5,1.0,0.75,0.2,0.25,0.0,0.8,0.0,0.2,0.6,0.0,0.6,0.8,0.8,0.2,0.8,0.25,0.25,0.2,0.2,1.0,1.0,0.0,0.0,1.0,1.0,1.0,1.0,0.0,1.0,0.0,1.0,1.0,1.0,1.0,0.0,1.0,0.0,1.0,0.0,0.0,0.0,0.0,1.0,0.0,0.0,1.0,0.0,1.0,0.0,0.0,0.0,0.0,0.0,0.0,1.0,0.0,0.0,1.0,1.0,1.0,1.0,0.0,1.0,1.0,0.0,0.0,0.0,1.0,1.0,0.0,1.0,1.0,1.0,0.0,0.0,1.0,1.0,0.0,0.0,0.0,0.5,0.5,1.0,0.5,0.5,0.0,0.3333333333333333,0.3333333333333333,1.0,0.3333333333333333,0.0,0.0,1.0,0.0,0.5,0.5,0.5,1.0,0.0,0.5,0.6666666666666666,0.6666666666666666,1.0,0.6666666666666666,0.5,0.3333333333333333,0.3333333333333333,0.0,0.0,0.0,0.6666666666666666,1.0,1.0,0.6666666666666666,0.6666666666666666,0.6666666666666666,0.6666666666666666
794044,1.0,1.0,1.0,1.0,1.0,1.0,1.0,1.0,1.0,1.0,1.0,1.0,0.5,1.0,1.0,0.6,0.75,0.8,1.0,0.75,0.0,0.2,1.0,0.2,0.8,0.8,0.8,0.2,1.0,0.75,0.6,0.6,1.0,1.0,1.0,0.0,1.0,0.0,1.0,1.0,0.0,1.0,1.0,0.0,1.0,1.0,0.0,0.0,1.0,0.0,0.0,0.0,0.0,1.0,0.0,0.0,1.0,0.0,1.0,0.0,0.0,0.0,0.0,0.0,0.0,0.0,0.0,1.0,0.0,1.0,0.0,1.0,1.0,1.0,0.0,1.0,1.0,0.0,0.0,0.0,0.0,0.0,0.0,1.0,0.0,0.0,1.0,1.0,1.0,0.0,0.0,0.0,1.0,0.0,0.0,0.5,0.0,0.0,0.0,0.0,0.0,0.0,0.0,0.0,0.0,0.0,0.0,0.0,0.5,0.0,0.0,0.0,1.0,1.0,1.0,0.0,0.6666666666666666,0.0,0.6666666666666666,1.0,0.0,0.0,0.0,0.6666666666666666,0.5,1.0,1.0,1.0,1.0,1.0
798686,1.0,1.0,1.0,1.0,1.0,1.0,1.0,1.0,0.6666666666666666,1.0,1.0,1.0,1.0,1.0,1.0,1.0,0.75,0.2,0.8,1.0,0.0,0.6,1.0,1.0,0.6,0.6,1.0,0.6,0.75,1.0,1.0,0.8,1.0,1.0,0.0,0.0,1.0,0.0,1.0,1.0,0.0,1.0,1.0,0.0,1.0,1.0,0.0,0.0,1.0,0.0,0.0,0.0,0.0,1.0,0.0,0.0,1.0,0.0,1.0,0.0,0.0,0.0,0.0,0.0,1.0,0.0,0.0,1.0,0.0,1.0,1.0,0.0,1.0,1.0,0.0,1.0,1.0,0.0,0.0,0.0,0.0,0.0,0.0,1.0,1.0,0.0,1.0,1.0,1.0,0.0,0.0,1.0,1.0,0.0,0.5,0.0,0.0,0.0,0.0,0.0,0.3333333333333333,0.0,0.0,0.0,0.0,0.0,0.0,0.5,0.5,0.0,0.0,0.3333333333333333,1.0,1.0,1.0,1.0,1.0,0.0,0.6666666666666666,1.0,1.0,0.0,0.0,1.0,1.0,1.0,1.0,1.0,1.0,1.0
823002,0.6666666666666666,1.0,1.0,1.0,1.0,0.6666666666666666,0.5,0.5,0.6666666666666666,0.0,0.5,1.0,1.0,1.0,0.75,1.0,1.0,0.8,0.6,0.75,0.2,0.2,0.8,0.6,0.6,1.0,1.0,0.4,0.75,0.5,0.8,0.2,1.0,1.0,1.0,0.0,1.0,0.0,1.0,0.0,1.0,1.0,0.0,1.0,1.0,1.0,0.0,0.0,1.0,0.0,0.0,0.0,1.0,1.0,0.0,0.0,1.0,0.0,1.0,0.0,0.0,0.0,0.0,0.0,0.0,0.0,0.0,1.0,1.0,1.0,1.0,1.0,1.0,1.0,0.0,1.0,1.0,0.0,0.0,1.0,0.0,1.0,0.0,1.0,1.0,0.0,0.0,1.0,1.0,0.0,1.0,0.0,0.0,0.0,0.5,0.5,0.0,0.0,0.0,0.0,0.0,0.0,0.0,1.0,0.5,0.3333333333333333,0.0,0.0,0.5,0.0,0.0,0.0,1.0,1.0,1.0,1.0,0.6666666666666666,0.5,0.6666666666666666,0.6666666666666666,0.5,0.0,0.0,1.0,1.0,1.0,0.6666666666666666,0.6666666666666666,0.3333333333333333,0.6666666666666666
829077,0.6666666666666666,0.6666666666666666,1.0,1.0,0.5,0.6666666666666666,0.5,0.5,0.6666666666666666,0.5,1.0,0.6666666666666666,0.5,1.0,0.75,0.6,0.5,1.0,0.6,0.5,0.0,0.6,1.0,0.6,0.8,0.8,1.0,0.8,0.5,0.5,0.6,0.8,1.0,1.0,1.0,0.0,1.0,0.0,1.0,1.0,0.0,1.0,0.0,0.0,1.0,0.0,1.0,0.0,1.0,0.0,0.0,0.0,0.0,0.0,0.0,0.0,1.0,0.0,1.0,0.0,0.0,0.0,0.0,1.0,0.0,0.0,0.0,1.0,0.0,1.0,1.0,0.0,1.0,1.0,0.0,1.0,1.0,0.0,0.0,1.0,0.0,1.0,0.0,1.0,1.0,0.0,0.0,1.0,1.0,0.0,0.0,0.0,0.0,0.0,0.0,0.0,0.5,0.5,0.0,0.0,0.0,0.0,0.0,1.0,0.5,0.3333333333333333,0.0,0.5,0.5,0.5,0.3333333333333333,0.0,0.5,0.6666666666666666,1.0,1.0,1.0,0.0,1.0,1.0,0.5,0.6666666666666666,0.3333333333333333,1.0,1.0,1.0,1.0,0.6666666666666666,1.0,1.0
855890,0.6666666666666666,0.6666666666666666,0.6666666666666666,0.5,0.5,0.6666666666666666,1.0,0.5,0.6666666666666666,1.0,1.0,1.0,1.0,1.0,1.0,0.6,0.5,0.8,1.0,1.0,0.0,1.0,1.0,0.8,1.0,1.0,0.8,0.8,1.0,0.75,0.8,0.8,1.0,1.0,1.0,0.0,1.0,0.0,1.0,1.0,0.0,1.0,0.0,1.0,0.0,1.0,0.0,0.0,1.0,0.0,0.0,0.0,0.0,1.0,0.0,1.0,1.0,0.0,1.0,0.0,0.0,0.0,0.0,1.0,0.0,0.0,0.0,1.0,0.0,1.0,1.0,0.0,1.0,1.0,0.0,1.0,1.0,0.0,0.0,1.0,1.0,0.0,1.0,1.0,1.0,0.0,1.0,1.0,1.0,0.0,0.0,0.0,1.0,0.5,0.5,0.5,0.0,0.5,0.3333333333333333,0.6666666666666666,0.6666666666666666,0.0,0.3333333333333333,1.0,0.0,0.3333333333333333,0.5,0.5,0.0,0.0,0.3333333333333333,0.0,0.5,0.6666666666666666,0.3333333333333333,1.0,0.6666666666666666,0.5,0.6666666666666666,0.6666666666666666,1.0,0.3333333333333333,0.0,1.0,1.0,1.0,1.0,0.6666666666666666,0.6666666666666666,0.6666666666666666
867135,0.6666666666666666,1.0,1.0,0.5,0.0,0.3333333333333333,0.5,1.0,0.3333333333333333,0.0,0.5,0.6666666666666666,1.0,1.0,0.5,0.0,0.25,0.0,0.0,0.0,0.4,0.0,0.0,0.2,1.0,1.0,0.6,0.4,0.5,1.0,0.6,0.2,1.0,1.0,0.0,0.0,1.0,1.0,1.0,0.0,0.0,1.0,1.0,0.0,1.0,0.0,0.0,0.0,0.0,1.0,0.0,0.0,0.0,1.0,0.0,1.0,1.0,0.0,1.0,1.0,0.0,0.0,0.0,1.0,0.0,0.0,0.0,1.0,0.0,1.0,1.0,1.0,1.0,1.0,0.0,1.0,1.0,0.0,0.0,1.0,1.0,0.0,1.0,1.0,1.0,0.0,1.0,0.0,1.0,1.0,1.0,0.0,0.0,0.0,0.0,0.0,0.5,0.5,0.0,0.3333333333333333,0.3333333333333333,0.0,0.3333333333333333,1.0,0.5,0.3333333333333333,0.0,0.5,0.5,0.5,0.3333333333333333,0.0,1.0,0.6666666666666666,1.0,1.0,1.0,0.0,0.3333333333333333,1.0,0.5,0.0,0.3333333333333333,1.0,1.0,1.0,0.6666666666666666,1.0,1.0,0.6666666666666666
876257,0.6666666666666666,0.6666666666666666,0.6666666666666666,0.5,0.5,0.6666666666666666,0.5,0.5,0.6666666666666666,0.5,0.5,0.6666666666666666,0.5,0.3333333333333333,0.75,0.6,0.5,0.4,0.4,0.25,0.4,0.6,0.2,0.6,0.6,0.6,0.8,0.6,0.75,0.75,0.6,0.4,0.0,0.0,0.0,0.0,1.0,1.0,1.0,0.0,0.0,0.0,1.0,0.0,1.0,0.0,0.0,0.0,0.0,0.0,0.0,0.0,0.0,1.0,0.0,0.0,1.0,0.0,0.0,1.0,0.0,0.0,0.0,0.0,1.0,0.0,0.0,1.0,1.0,0.0,0.0,0.0,1.0,1.0,0.0,1.0,1.0,0.0,1.0,1.0,1.0,0.0,1.0,1.0,0.0,1.0,0.0,0.0,1.0,1.0,0.0,0.0,0.0,0.0,0.0,0.0,0.0,0.0,0.0,0.0,0.0,0.0,0.0,0.0,0.0,0.0,0.0,0.0,0.0,0.0,0.0,0.0,1.0,0.6666666666666666,0.3333333333333333,0.5,1.0,0.0,0.6666666666666666,0.3333333333333333,1.0,0.0,0.0,1.0,1.0,0.0,0.6666666666666666,0.6666666666666666,0.6666666666666666,0.6666666666666666
882786,1.0,1.0,1.0,1.0,1.0,1.0,1.0,0.5,0.6666666666666666,1.0,1.0,1.0,1.0,1.0,1.0,1.0,1.0,1.0,1.0,1.0,1.0,1.0,1.0,0.8,1.0,1.0,1.0,0.8,1.0,1.0,0.6,1.0,1.0,1.0,1.0,0.0,1.0,0.0,1.0,1.0,0.0,1.0,1.0,0.0,1.0,1.0,0.0,0.0,1.0,1.0,0.0,0.0,0.0,1.0,0.0,0.0,1.0,0.0,1.0,0.0,0.0,0.0,1.0,0.0,0.0,0.0,0.0,1.0,0.0,1.0,1.0,1.0,1.0,1.0,0.0,1.0,1.0,0.0,0.0,0.0,0.0,0.0,0.0,1.0,1.0,0.0,1.0,1.0,1.0,0.0,0.0,1.0,1.0,0.0,0.5,0.5,0.0,0.5,0.0,0.0,0.3333333333333333,0.0,0.0,1.0,0.0,0.0,0.0,0.0,0.0,0.5,0.0,0.3333333333333333,1.0,1.0,0.6666666666666666,1.0,1.0,0.0,1.0,0.6666666666666666,0.5,0.0,0.0,1.0,1.0,1.0,1.0,1.0,1.0,1.0
885521,0.6666666666666666,1.0,1.0,1.0,1.0,1.0,1.0,1.0,0.6666666666666666,1.0,1.0,1.0,1.0,1.0,1.0,1.0,1.0,1.0,1.0,1.0,0.0,1.0,1.0,0.6,0.8,1.0,1.0,0.6,1.0,1.0,1.0,0.6,1.0,1.0,1.0,0.0,1.0,0.0,1.0,0.0,0.0,1.0,1.0,0.0,1.0,1.0,0.0,0.0,1.0,0.0,0.0,0.0,0.0,1.0,1.0,0.0,1.0,0.0,1.0,0.0,0.0,0.0,0.0,0.0,0.0,0.0,0.0,0.0,0.0,1.0,1.0,1.0,1.0,1.0,0.0,1.0,1.0,0.0,0.0,0.0,0.0,0.0,0.0,0.0,1.0,0.0,1.0,1.0,1.0,0.0,0.0,1.0,1.0,0.0,0.0,0.5,0.0,0.0,0.0,0.0,0.0,0.0,0.0,0.0,0.0,0.0,0.0,0.0,0.0,0.0,0.0,0.0,1.0,1.0,1.0,1.0,1.0,0.0,0.6666666666666666,1.0,1.0,0.0,0.3333333333333333,1.0,1.0,1.0,0.6666666666666666,1.0,1.0,1.0
893422,1.0,1.0,1.0,1.0,0.5,0.6666666666666666,1.0,1.0,1.0,0.5,1.0,1.0,1.0,1.0,1.0,0.6,0.25,0.4,0.8,0.5,0.2,0.4,0.8,0.4,1.0,0.6,0.6,0.4,0.75,1.0,0.2,0.4,0.0,1.0,1.0,0.0,1.0,0.0,1.0,0.0,0.0,1.0,1.0,1.0,1.0,0.0,0.0,0.0,1.0,0.0,0.0,0.0,0.0,1.0,0.0,0.0,1.0,0.0,1.0,0.0,0.0,0.0,1.0,0.0,0.0,0.0,1.0,0.0,1.0,1.0,0.0,1.0,1.0,1.0,0.0,1.0,1.0,0.0,0.0,0.0,0.0,0.0,0.0,1.0,1.0,1.0,1.0,1.0,1.0,0.0,1.0,1.0,0.0,0.0,0.0,0.0,0.0,0.0,0.0,0.0,0.3333333333333333,0.0,0.0,0.0,0.0,0.0,0.0,0.0,0.0,0.5,0.0,0.0,1.0,0.6666666666666666,0.3333333333333333,1.0,1.0,0.5,0.6666666666666666,0.6666666666666666,1.0,0.3333333333333333,0.6666666666666666,1.0,1.0,1.0,1.0,0.3333333333333333,0.6666666666666666,0.6666666666666666
925801,1.0,1.0,1.0,1.0,1.0,1.0,1.0,1.0,0.6666666666666666,1.0,1.0,1.0,1.0,1.0,1.0,0.8,0.75,0.6,0.0,0.75,0.0,0.2,1.0,1.0,0.8,0.8,1.0,1.0,0.75,0.5,1.0,0.8,1.0,1.0,1.0,0.0,1.0,1.0,1.0,1.0,0.0,1.0,1.0,1.0,1.0,0.0,1.0,0.0,1.0,1.0,0.0,0.0,0.0,1.0,0.0,1.0,1.0,0.0,1.0,0.0,0.0,0.0,0.0,0.0,0.0,0.0,0.0,1.0,0.0,1.0,1.0,1.0,1.0,1.0,0.0,1.0,1.0,1.0,0.0,0.0,1.0,0.0,0.0,1.0,1.0,1.0,1.0,1.0,0.0,0.0,0.0,0.0,0.0,0.5,0.0,0.5,0.0,0.0,0.0,0.0,0.3333333333333333,0.0,0.3333333333333333,0.0,0.0,0.0,0.0,0.0,0.0,0.5,0.0,0.0,1.0,1.0,1.0,1.0,1.0,0.5,0.3333333333333333,0.3333333333333333,1.0,0.0,0.3333333333333333,1.0,1.0,1.0,0.6666666666666666,1.0,1.0,0.6666666666666666
